-- MySQL dump 10.13  Distrib 5.7.29, for Win64 (x86_64)
--
-- Host: www.leleplus.fun    Database: facts_driver_prd
-- ------------------------------------------------------
-- Server version	5.7.29-0ubuntu0.16.04.1

/*!40101 SET @OLD_CHARACTER_SET_CLIENT=@@CHARACTER_SET_CLIENT */;
/*!40101 SET @OLD_CHARACTER_SET_RESULTS=@@CHARACTER_SET_RESULTS */;
/*!40101 SET @OLD_COLLATION_CONNECTION=@@COLLATION_CONNECTION */;
/*!40101 SET NAMES utf8 */;
/*!40103 SET @OLD_TIME_ZONE=@@TIME_ZONE */;
/*!40103 SET TIME_ZONE='+00:00' */;
/*!40014 SET @OLD_UNIQUE_CHECKS=@@UNIQUE_CHECKS, UNIQUE_CHECKS=0 */;
/*!40014 SET @OLD_FOREIGN_KEY_CHECKS=@@FOREIGN_KEY_CHECKS, FOREIGN_KEY_CHECKS=0 */;
/*!40101 SET @OLD_SQL_MODE=@@SQL_MODE, SQL_MODE='NO_AUTO_VALUE_ON_ZERO' */;
/*!40111 SET @OLD_SQL_NOTES=@@SQL_NOTES, SQL_NOTES=0 */;

--
-- Table structure for table `QRTZ_BLOB_TRIGGERS`
--

DROP TABLE IF EXISTS `QRTZ_BLOB_TRIGGERS`;
/*!40101 SET @saved_cs_client     = @@character_set_client */;
/*!40101 SET character_set_client = utf8 */;
CREATE TABLE `QRTZ_BLOB_TRIGGERS` (
  `sched_name` varchar(120) NOT NULL,
  `trigger_name` varchar(200) NOT NULL,
  `trigger_group` varchar(200) NOT NULL,
  `blob_data` blob,
  PRIMARY KEY (`sched_name`,`trigger_name`,`trigger_group`),
  CONSTRAINT `QRTZ_BLOB_TRIGGERS_ibfk_1` FOREIGN KEY (`sched_name`, `trigger_name`, `trigger_group`) REFERENCES `QRTZ_TRIGGERS` (`sched_name`, `trigger_name`, `trigger_group`)
) ENGINE=InnoDB DEFAULT CHARSET=utf8;
/*!40101 SET character_set_client = @saved_cs_client */;

--
-- Dumping data for table `QRTZ_BLOB_TRIGGERS`
--

LOCK TABLES `QRTZ_BLOB_TRIGGERS` WRITE;
/*!40000 ALTER TABLE `QRTZ_BLOB_TRIGGERS` DISABLE KEYS */;
/*!40000 ALTER TABLE `QRTZ_BLOB_TRIGGERS` ENABLE KEYS */;
UNLOCK TABLES;

--
-- Table structure for table `QRTZ_CALENDARS`
--

DROP TABLE IF EXISTS `QRTZ_CALENDARS`;
/*!40101 SET @saved_cs_client     = @@character_set_client */;
/*!40101 SET character_set_client = utf8 */;
CREATE TABLE `QRTZ_CALENDARS` (
  `sched_name` varchar(120) NOT NULL,
  `calendar_name` varchar(200) NOT NULL,
  `calendar` blob NOT NULL,
  PRIMARY KEY (`sched_name`,`calendar_name`)
) ENGINE=InnoDB DEFAULT CHARSET=utf8;
/*!40101 SET character_set_client = @saved_cs_client */;

--
-- Dumping data for table `QRTZ_CALENDARS`
--

LOCK TABLES `QRTZ_CALENDARS` WRITE;
/*!40000 ALTER TABLE `QRTZ_CALENDARS` DISABLE KEYS */;
/*!40000 ALTER TABLE `QRTZ_CALENDARS` ENABLE KEYS */;
UNLOCK TABLES;

--
-- Table structure for table `QRTZ_CRON_TRIGGERS`
--

DROP TABLE IF EXISTS `QRTZ_CRON_TRIGGERS`;
/*!40101 SET @saved_cs_client     = @@character_set_client */;
/*!40101 SET character_set_client = utf8 */;
CREATE TABLE `QRTZ_CRON_TRIGGERS` (
  `sched_name` varchar(120) NOT NULL,
  `trigger_name` varchar(200) NOT NULL,
  `trigger_group` varchar(200) NOT NULL,
  `cron_expression` varchar(200) NOT NULL,
  `time_zone_id` varchar(80) DEFAULT NULL,
  PRIMARY KEY (`sched_name`,`trigger_name`,`trigger_group`),
  CONSTRAINT `QRTZ_CRON_TRIGGERS_ibfk_1` FOREIGN KEY (`sched_name`, `trigger_name`, `trigger_group`) REFERENCES `QRTZ_TRIGGERS` (`sched_name`, `trigger_name`, `trigger_group`)
) ENGINE=InnoDB DEFAULT CHARSET=utf8;
/*!40101 SET character_set_client = @saved_cs_client */;

--
-- Dumping data for table `QRTZ_CRON_TRIGGERS`
--

LOCK TABLES `QRTZ_CRON_TRIGGERS` WRITE;
/*!40000 ALTER TABLE `QRTZ_CRON_TRIGGERS` DISABLE KEYS */;
INSERT INTO `QRTZ_CRON_TRIGGERS` VALUES ('DriverScheduler','TASK_CLASS_NAME1','DEFAULT','0/10 * * * * ?','Asia/Shanghai'),('DriverScheduler','TASK_CLASS_NAME2','DEFAULT','0/15 * * * * ?','Asia/Shanghai'),('DriverScheduler','TASK_CLASS_NAME3','DEFAULT','0/20 * * * * ?','Asia/Shanghai');
/*!40000 ALTER TABLE `QRTZ_CRON_TRIGGERS` ENABLE KEYS */;
UNLOCK TABLES;

--
-- Table structure for table `QRTZ_FIRED_TRIGGERS`
--

DROP TABLE IF EXISTS `QRTZ_FIRED_TRIGGERS`;
/*!40101 SET @saved_cs_client     = @@character_set_client */;
/*!40101 SET character_set_client = utf8 */;
CREATE TABLE `QRTZ_FIRED_TRIGGERS` (
  `sched_name` varchar(120) NOT NULL,
  `entry_id` varchar(95) NOT NULL,
  `trigger_name` varchar(200) NOT NULL,
  `trigger_group` varchar(200) NOT NULL,
  `instance_name` varchar(200) NOT NULL,
  `fired_time` bigint(13) NOT NULL,
  `sched_time` bigint(13) NOT NULL,
  `priority` int(11) NOT NULL,
  `state` varchar(16) NOT NULL,
  `job_name` varchar(200) DEFAULT NULL,
  `job_group` varchar(200) DEFAULT NULL,
  `is_nonconcurrent` varchar(1) DEFAULT NULL,
  `requests_recovery` varchar(1) DEFAULT NULL,
  PRIMARY KEY (`sched_name`,`entry_id`)
) ENGINE=InnoDB DEFAULT CHARSET=utf8;
/*!40101 SET character_set_client = @saved_cs_client */;

--
-- Dumping data for table `QRTZ_FIRED_TRIGGERS`
--

LOCK TABLES `QRTZ_FIRED_TRIGGERS` WRITE;
/*!40000 ALTER TABLE `QRTZ_FIRED_TRIGGERS` DISABLE KEYS */;
/*!40000 ALTER TABLE `QRTZ_FIRED_TRIGGERS` ENABLE KEYS */;
UNLOCK TABLES;

--
-- Table structure for table `QRTZ_JOB_DETAILS`
--

DROP TABLE IF EXISTS `QRTZ_JOB_DETAILS`;
/*!40101 SET @saved_cs_client     = @@character_set_client */;
/*!40101 SET character_set_client = utf8 */;
CREATE TABLE `QRTZ_JOB_DETAILS` (
  `sched_name` varchar(120) NOT NULL,
  `job_name` varchar(200) NOT NULL,
  `job_group` varchar(200) NOT NULL,
  `description` varchar(250) DEFAULT NULL,
  `job_class_name` varchar(250) NOT NULL,
  `is_durable` varchar(1) NOT NULL,
  `is_nonconcurrent` varchar(1) NOT NULL,
  `is_update_data` varchar(1) NOT NULL,
  `requests_recovery` varchar(1) NOT NULL,
  `job_data` blob,
  PRIMARY KEY (`sched_name`,`job_name`,`job_group`)
) ENGINE=InnoDB DEFAULT CHARSET=utf8;
/*!40101 SET character_set_client = @saved_cs_client */;

--
-- Dumping data for table `QRTZ_JOB_DETAILS`
--

LOCK TABLES `QRTZ_JOB_DETAILS` WRITE;
/*!40000 ALTER TABLE `QRTZ_JOB_DETAILS` DISABLE KEYS */;
INSERT INTO `QRTZ_JOB_DETAILS` VALUES ('DriverScheduler','TASK_CLASS_NAME1','DEFAULT',NULL,'com.leleplus.common.utils.job.QuartzDisallowConcurrentExecution','0','1','0','0',_binary '¬\í\0sr\0org.quartz.JobDataMapŸ°ƒè¿©°\Ë\0\0xr\0&org.quartz.utils.StringKeyDirtyFlagMap‚\è\Ãû\Å](\0Z\0allowsTransientDataxr\0org.quartz.utils.DirtyFlagMap\æ.­(v\n\Î\0Z\0dirtyL\0mapt\0Ljava/util/Map;xpsr\0java.util.HashMap\ÚÁ\Ã`\Ñ\0F\0\nloadFactorI\0	thresholdxp?@\0\0\0\0\0w\0\0\0\0\0\0t\0TASK_PROPERTIESsr\0*com.leleplus.project.monitor.domain.SysJob\0\0\0\0\0\0\0\0L\0\nconcurrentt\0Ljava/lang/String;L\0cronExpressionq\0~\0	L\0invokeTargetq\0~\0	L\0jobGroupq\0~\0	L\0jobIdt\0Ljava/lang/Long;L\0jobNameq\0~\0	L\0\rmisfirePolicyq\0~\0	L\0statusq\0~\0	xr\0\'com.leleplus.core.web.domain.BaseEntity\0\0\0\0\0\0\0\0L\0	beginTimeq\0~\0	L\0createByq\0~\0	L\0\ncreateTimet\0Ljava/util/Date;L\0	dataScopeq\0~\0	L\0endTimeq\0~\0	L\0idq\0~\0\n[\0idst\0[Ljava/lang/Long;L\0paramsq\0~\0L\0remarkq\0~\0	L\0searchValueq\0~\0	L\0updateByq\0~\0	L\0\nupdateTimeq\0~\0xppt\0adminsr\0java.util.DatehjKYt\0\0xpw\0\0b,\Ş)\àxpppppt\0\0pppt\01t\00/10 * * * * ?t\0ryTask.ryNoParamst\0DEFAULTsr\0java.lang.Long;‹\äÌ#\ß\0J\0valuexr\0java.lang.Number†¬•”\à‹\0\0xp\0\0\0\0\0\0\0t\0ç³»ç»Ÿé»˜è®¤ï¼ˆæ— å‚ï¼‰t\03t\01x\0'),('DriverScheduler','TASK_CLASS_NAME2','DEFAULT',NULL,'com.leleplus.common.utils.job.QuartzDisallowConcurrentExecution','0','1','0','0',_binary '¬\í\0sr\0org.quartz.JobDataMapŸ°ƒè¿©°\Ë\0\0xr\0&org.quartz.utils.StringKeyDirtyFlagMap‚\è\Ãû\Å](\0Z\0allowsTransientDataxr\0org.quartz.utils.DirtyFlagMap\æ.­(v\n\Î\0Z\0dirtyL\0mapt\0Ljava/util/Map;xpsr\0java.util.HashMap\ÚÁ\Ã`\Ñ\0F\0\nloadFactorI\0	thresholdxp?@\0\0\0\0\0w\0\0\0\0\0\0t\0TASK_PROPERTIESsr\0*com.leleplus.project.monitor.domain.SysJob\0\0\0\0\0\0\0\0L\0\nconcurrentt\0Ljava/lang/String;L\0cronExpressionq\0~\0	L\0invokeTargetq\0~\0	L\0jobGroupq\0~\0	L\0jobIdt\0Ljava/lang/Long;L\0jobNameq\0~\0	L\0\rmisfirePolicyq\0~\0	L\0statusq\0~\0	xr\0\'com.leleplus.core.web.domain.BaseEntity\0\0\0\0\0\0\0\0L\0	beginTimeq\0~\0	L\0createByq\0~\0	L\0\ncreateTimet\0Ljava/util/Date;L\0	dataScopeq\0~\0	L\0endTimeq\0~\0	L\0idq\0~\0\n[\0idst\0[Ljava/lang/Long;L\0paramsq\0~\0L\0remarkq\0~\0	L\0searchValueq\0~\0	L\0updateByq\0~\0	L\0\nupdateTimeq\0~\0xppt\0adminsr\0java.util.DatehjKYt\0\0xpw\0\0b,\Ş)\àxpppppt\0\0pppt\01t\00/15 * * * * ?t\0ryTask.ryParams(\'ry\')t\0DEFAULTsr\0java.lang.Long;‹\äÌ#\ß\0J\0valuexr\0java.lang.Number†¬•”\à‹\0\0xp\0\0\0\0\0\0\0t\0ç³»ç»Ÿé»˜è®¤ï¼ˆæœ‰å‚ï¼‰t\03t\01x\0'),('DriverScheduler','TASK_CLASS_NAME3','DEFAULT',NULL,'com.leleplus.common.utils.job.QuartzDisallowConcurrentExecution','0','1','0','0',_binary '¬\í\0sr\0org.quartz.JobDataMapŸ°ƒè¿©°\Ë\0\0xr\0&org.quartz.utils.StringKeyDirtyFlagMap‚\è\Ãû\Å](\0Z\0allowsTransientDataxr\0org.quartz.utils.DirtyFlagMap\æ.­(v\n\Î\0Z\0dirtyL\0mapt\0Ljava/util/Map;xpsr\0java.util.HashMap\ÚÁ\Ã`\Ñ\0F\0\nloadFactorI\0	thresholdxp?@\0\0\0\0\0w\0\0\0\0\0\0t\0TASK_PROPERTIESsr\0*com.leleplus.project.monitor.domain.SysJob\0\0\0\0\0\0\0\0L\0\nconcurrentt\0Ljava/lang/String;L\0cronExpressionq\0~\0	L\0invokeTargetq\0~\0	L\0jobGroupq\0~\0	L\0jobIdt\0Ljava/lang/Long;L\0jobNameq\0~\0	L\0\rmisfirePolicyq\0~\0	L\0statusq\0~\0	xr\0\'com.leleplus.core.web.domain.BaseEntity\0\0\0\0\0\0\0\0L\0	beginTimeq\0~\0	L\0createByq\0~\0	L\0\ncreateTimet\0Ljava/util/Date;L\0	dataScopeq\0~\0	L\0endTimeq\0~\0	L\0idq\0~\0\n[\0idst\0[Ljava/lang/Long;L\0paramsq\0~\0L\0remarkq\0~\0	L\0searchValueq\0~\0	L\0updateByq\0~\0	L\0\nupdateTimeq\0~\0xppt\0adminsr\0java.util.DatehjKYt\0\0xpw\0\0b,\Ş)\àxpppppt\0\0pppt\01t\00/20 * * * * ?t\08ryTask.ryMultipleParams(\'ry\', true, 2000L, 316.50D, 100)t\0DEFAULTsr\0java.lang.Long;‹\äÌ#\ß\0J\0valuexr\0java.lang.Number†¬•”\à‹\0\0xp\0\0\0\0\0\0\0t\0ç³»ç»Ÿé»˜è®¤ï¼ˆå¤šå‚ï¼‰t\03t\01x\0');
/*!40000 ALTER TABLE `QRTZ_JOB_DETAILS` ENABLE KEYS */;
UNLOCK TABLES;

--
-- Table structure for table `QRTZ_LOCKS`
--

DROP TABLE IF EXISTS `QRTZ_LOCKS`;
/*!40101 SET @saved_cs_client     = @@character_set_client */;
/*!40101 SET character_set_client = utf8 */;
CREATE TABLE `QRTZ_LOCKS` (
  `sched_name` varchar(120) NOT NULL,
  `lock_name` varchar(40) NOT NULL,
  PRIMARY KEY (`sched_name`,`lock_name`)
) ENGINE=InnoDB DEFAULT CHARSET=utf8;
/*!40101 SET character_set_client = @saved_cs_client */;

--
-- Dumping data for table `QRTZ_LOCKS`
--

LOCK TABLES `QRTZ_LOCKS` WRITE;
/*!40000 ALTER TABLE `QRTZ_LOCKS` DISABLE KEYS */;
INSERT INTO `QRTZ_LOCKS` VALUES ('DriverScheduler','STATE_ACCESS'),('DriverScheduler','TRIGGER_ACCESS');
/*!40000 ALTER TABLE `QRTZ_LOCKS` ENABLE KEYS */;
UNLOCK TABLES;

--
-- Table structure for table `QRTZ_PAUSED_TRIGGER_GRPS`
--

DROP TABLE IF EXISTS `QRTZ_PAUSED_TRIGGER_GRPS`;
/*!40101 SET @saved_cs_client     = @@character_set_client */;
/*!40101 SET character_set_client = utf8 */;
CREATE TABLE `QRTZ_PAUSED_TRIGGER_GRPS` (
  `sched_name` varchar(120) NOT NULL,
  `trigger_group` varchar(200) NOT NULL,
  PRIMARY KEY (`sched_name`,`trigger_group`)
) ENGINE=InnoDB DEFAULT CHARSET=utf8;
/*!40101 SET character_set_client = @saved_cs_client */;

--
-- Dumping data for table `QRTZ_PAUSED_TRIGGER_GRPS`
--

LOCK TABLES `QRTZ_PAUSED_TRIGGER_GRPS` WRITE;
/*!40000 ALTER TABLE `QRTZ_PAUSED_TRIGGER_GRPS` DISABLE KEYS */;
/*!40000 ALTER TABLE `QRTZ_PAUSED_TRIGGER_GRPS` ENABLE KEYS */;
UNLOCK TABLES;

--
-- Table structure for table `QRTZ_SCHEDULER_STATE`
--

DROP TABLE IF EXISTS `QRTZ_SCHEDULER_STATE`;
/*!40101 SET @saved_cs_client     = @@character_set_client */;
/*!40101 SET character_set_client = utf8 */;
CREATE TABLE `QRTZ_SCHEDULER_STATE` (
  `sched_name` varchar(120) NOT NULL,
  `instance_name` varchar(200) NOT NULL,
  `last_checkin_time` bigint(13) NOT NULL,
  `checkin_interval` bigint(13) NOT NULL,
  PRIMARY KEY (`sched_name`,`instance_name`)
) ENGINE=InnoDB DEFAULT CHARSET=utf8;
/*!40101 SET character_set_client = @saved_cs_client */;

--
-- Dumping data for table `QRTZ_SCHEDULER_STATE`
--

LOCK TABLES `QRTZ_SCHEDULER_STATE` WRITE;
/*!40000 ALTER TABLE `QRTZ_SCHEDULER_STATE` DISABLE KEYS */;
INSERT INTO `QRTZ_SCHEDULER_STATE` VALUES ('DriverScheduler','localhost1588594195269',1588913068619,15000);
/*!40000 ALTER TABLE `QRTZ_SCHEDULER_STATE` ENABLE KEYS */;
UNLOCK TABLES;

--
-- Table structure for table `QRTZ_SIMPLE_TRIGGERS`
--

DROP TABLE IF EXISTS `QRTZ_SIMPLE_TRIGGERS`;
/*!40101 SET @saved_cs_client     = @@character_set_client */;
/*!40101 SET character_set_client = utf8 */;
CREATE TABLE `QRTZ_SIMPLE_TRIGGERS` (
  `sched_name` varchar(120) NOT NULL,
  `trigger_name` varchar(200) NOT NULL,
  `trigger_group` varchar(200) NOT NULL,
  `repeat_count` bigint(7) NOT NULL,
  `repeat_interval` bigint(12) NOT NULL,
  `times_triggered` bigint(10) NOT NULL,
  PRIMARY KEY (`sched_name`,`trigger_name`,`trigger_group`),
  CONSTRAINT `QRTZ_SIMPLE_TRIGGERS_ibfk_1` FOREIGN KEY (`sched_name`, `trigger_name`, `trigger_group`) REFERENCES `QRTZ_TRIGGERS` (`sched_name`, `trigger_name`, `trigger_group`)
) ENGINE=InnoDB DEFAULT CHARSET=utf8;
/*!40101 SET character_set_client = @saved_cs_client */;

--
-- Dumping data for table `QRTZ_SIMPLE_TRIGGERS`
--

LOCK TABLES `QRTZ_SIMPLE_TRIGGERS` WRITE;
/*!40000 ALTER TABLE `QRTZ_SIMPLE_TRIGGERS` DISABLE KEYS */;
/*!40000 ALTER TABLE `QRTZ_SIMPLE_TRIGGERS` ENABLE KEYS */;
UNLOCK TABLES;

--
-- Table structure for table `QRTZ_SIMPROP_TRIGGERS`
--

DROP TABLE IF EXISTS `QRTZ_SIMPROP_TRIGGERS`;
/*!40101 SET @saved_cs_client     = @@character_set_client */;
/*!40101 SET character_set_client = utf8 */;
CREATE TABLE `QRTZ_SIMPROP_TRIGGERS` (
  `sched_name` varchar(120) NOT NULL,
  `trigger_name` varchar(200) NOT NULL,
  `trigger_group` varchar(200) NOT NULL,
  `str_prop_1` varchar(512) DEFAULT NULL,
  `str_prop_2` varchar(512) DEFAULT NULL,
  `str_prop_3` varchar(512) DEFAULT NULL,
  `int_prop_1` int(11) DEFAULT NULL,
  `int_prop_2` int(11) DEFAULT NULL,
  `long_prop_1` bigint(20) DEFAULT NULL,
  `long_prop_2` bigint(20) DEFAULT NULL,
  `dec_prop_1` decimal(13,4) DEFAULT NULL,
  `dec_prop_2` decimal(13,4) DEFAULT NULL,
  `bool_prop_1` varchar(1) DEFAULT NULL,
  `bool_prop_2` varchar(1) DEFAULT NULL,
  PRIMARY KEY (`sched_name`,`trigger_name`,`trigger_group`),
  CONSTRAINT `QRTZ_SIMPROP_TRIGGERS_ibfk_1` FOREIGN KEY (`sched_name`, `trigger_name`, `trigger_group`) REFERENCES `QRTZ_TRIGGERS` (`sched_name`, `trigger_name`, `trigger_group`)
) ENGINE=InnoDB DEFAULT CHARSET=utf8;
/*!40101 SET character_set_client = @saved_cs_client */;

--
-- Dumping data for table `QRTZ_SIMPROP_TRIGGERS`
--

LOCK TABLES `QRTZ_SIMPROP_TRIGGERS` WRITE;
/*!40000 ALTER TABLE `QRTZ_SIMPROP_TRIGGERS` DISABLE KEYS */;
/*!40000 ALTER TABLE `QRTZ_SIMPROP_TRIGGERS` ENABLE KEYS */;
UNLOCK TABLES;

--
-- Table structure for table `QRTZ_TRIGGERS`
--

DROP TABLE IF EXISTS `QRTZ_TRIGGERS`;
/*!40101 SET @saved_cs_client     = @@character_set_client */;
/*!40101 SET character_set_client = utf8 */;
CREATE TABLE `QRTZ_TRIGGERS` (
  `sched_name` varchar(120) NOT NULL,
  `trigger_name` varchar(200) NOT NULL,
  `trigger_group` varchar(200) NOT NULL,
  `job_name` varchar(200) NOT NULL,
  `job_group` varchar(200) NOT NULL,
  `description` varchar(250) DEFAULT NULL,
  `next_fire_time` bigint(13) DEFAULT NULL,
  `prev_fire_time` bigint(13) DEFAULT NULL,
  `priority` int(11) DEFAULT NULL,
  `trigger_state` varchar(16) NOT NULL,
  `trigger_type` varchar(8) NOT NULL,
  `start_time` bigint(13) NOT NULL,
  `end_time` bigint(13) DEFAULT NULL,
  `calendar_name` varchar(200) DEFAULT NULL,
  `misfire_instr` smallint(2) DEFAULT NULL,
  `job_data` blob,
  PRIMARY KEY (`sched_name`,`trigger_name`,`trigger_group`),
  KEY `sched_name` (`sched_name`,`job_name`,`job_group`),
  CONSTRAINT `QRTZ_TRIGGERS_ibfk_1` FOREIGN KEY (`sched_name`, `job_name`, `job_group`) REFERENCES `QRTZ_JOB_DETAILS` (`sched_name`, `job_name`, `job_group`)
) ENGINE=InnoDB DEFAULT CHARSET=utf8;
/*!40101 SET character_set_client = @saved_cs_client */;

--
-- Dumping data for table `QRTZ_TRIGGERS`
--

LOCK TABLES `QRTZ_TRIGGERS` WRITE;
/*!40000 ALTER TABLE `QRTZ_TRIGGERS` DISABLE KEYS */;
INSERT INTO `QRTZ_TRIGGERS` VALUES ('DriverScheduler','TASK_CLASS_NAME1','DEFAULT','TASK_CLASS_NAME1','DEFAULT',NULL,1588594200000,-1,5,'PAUSED','CRON',1588594199000,0,NULL,2,''),('DriverScheduler','TASK_CLASS_NAME2','DEFAULT','TASK_CLASS_NAME2','DEFAULT',NULL,1588594200000,-1,5,'PAUSED','CRON',1588594199000,0,NULL,2,''),('DriverScheduler','TASK_CLASS_NAME3','DEFAULT','TASK_CLASS_NAME3','DEFAULT',NULL,1588594200000,-1,5,'PAUSED','CRON',1588594199000,0,NULL,2,'');
/*!40000 ALTER TABLE `QRTZ_TRIGGERS` ENABLE KEYS */;
UNLOCK TABLES;

--
-- Table structure for table `achievement`
--

DROP TABLE IF EXISTS `achievement`;
/*!40101 SET @saved_cs_client     = @@character_set_client */;
/*!40101 SET character_set_client = utf8 */;
CREATE TABLE `achievement` (
  `id` bigint(255) NOT NULL AUTO_INCREMENT COMMENT 'è®°å½•id',
  `user_info_id` bigint(255) NOT NULL COMMENT 'ç”¨æˆ·ä¿¡æ¯è¡¨ä¸»é”®',
  `subject` varchar(50) DEFAULT NULL COMMENT 'è€ƒè¯•ç§‘ç›®',
  `score` varchar(20) DEFAULT NULL COMMENT 'æˆç»©',
  `is_pass` tinyint(2) DEFAULT NULL COMMENT 'æ˜¯å¦åˆæ ¼ï¼ˆ1ï¼Œåˆæ ¼ 0ï¼Œä¸åˆæ ¼ï¼‰',
  `type` varchar(64) DEFAULT '' COMMENT 'è€ƒè¯•ç±»å‹',
  `exam_time` datetime DEFAULT NULL COMMENT 'è€ƒè¯•æ—¶é—´',
  `exam_room` varchar(64) DEFAULT '' COMMENT 'è€ƒåœº',
  `device_no` varchar(64) DEFAULT '' COMMENT 'è®¾å¤‡æœºå™¨å·',
  `create_time` datetime DEFAULT NULL COMMENT 'åˆ›å»ºæ—¶é—´',
  `update_by` varchar(64) DEFAULT '' COMMENT 'æ›´æ–°è€…',
  `update_time` datetime DEFAULT NULL COMMENT 'æ›´æ–°æ—¶é—´',
  `begin_time` datetime DEFAULT NULL COMMENT 'å¼€å§‹æ—¶é—´',
  `end_time` datetime DEFAULT NULL COMMENT 'ç»“æŸæ—¶é—´',
  `remark` varchar(500) DEFAULT NULL COMMENT 'å¤‡æ³¨',
  PRIMARY KEY (`id`),
  KEY `achievement_fk` (`user_info_id`),
  CONSTRAINT `achievement_fk` FOREIGN KEY (`user_info_id`) REFERENCES `sys_user_info` (`id`)
) ENGINE=InnoDB DEFAULT CHARSET=utf8 COMMENT='æˆç»©è¡¨';
/*!40101 SET character_set_client = @saved_cs_client */;

--
-- Dumping data for table `achievement`
--

LOCK TABLES `achievement` WRITE;
/*!40000 ALTER TABLE `achievement` DISABLE KEYS */;
/*!40000 ALTER TABLE `achievement` ENABLE KEYS */;
UNLOCK TABLES;

--
-- Table structure for table `appointment_record`
--

DROP TABLE IF EXISTS `appointment_record`;
/*!40101 SET @saved_cs_client     = @@character_set_client */;
/*!40101 SET character_set_client = utf8 */;
CREATE TABLE `appointment_record` (
  `id` bigint(255) NOT NULL AUTO_INCREMENT COMMENT 'è®°å½•id',
  `user_info_id` bigint(255) NOT NULL COMMENT 'é¢„çº¦äºº',
  `reservation_begin_time` datetime DEFAULT NULL COMMENT 'é¢„çº¦å¼€å§‹æ—¶é—´',
  `reservation_end_time` datetime DEFAULT NULL COMMENT 'é¢„çº¦ç»“æŸæ—¶é—´',
  `subject` varchar(50) DEFAULT NULL COMMENT 'é¢„çº¦ç§‘ç›®',
  `details` varchar(500) DEFAULT NULL COMMENT 'é¢„çº¦è¯¦ç»†ä¿¡æ¯',
  `status` varchar(50) DEFAULT NULL COMMENT 'é¢„çº¦çŠ¶æ€',
  `create_time` datetime DEFAULT NULL COMMENT 'åˆ›å»ºæ—¶é—´',
  `update_by` varchar(64) DEFAULT '' COMMENT 'æ›´æ–°è€…',
  `update_time` datetime DEFAULT NULL COMMENT 'æ›´æ–°æ—¶é—´',
  `begin_time` datetime DEFAULT NULL COMMENT 'å¼€å§‹æ—¶é—´',
  `end_time` datetime DEFAULT NULL COMMENT 'ç»“æŸæ—¶é—´',
  `remark` varchar(500) DEFAULT NULL COMMENT 'å¤‡æ³¨',
  PRIMARY KEY (`id`),
  KEY `appointment_record_fk` (`user_info_id`),
  CONSTRAINT `appointment_record_fk` FOREIGN KEY (`user_info_id`) REFERENCES `sys_user_info` (`id`)
) ENGINE=InnoDB DEFAULT CHARSET=utf8 COMMENT='é¢„çº¦è®°å½•è¡¨';
/*!40101 SET character_set_client = @saved_cs_client */;

--
-- Dumping data for table `appointment_record`
--

LOCK TABLES `appointment_record` WRITE;
/*!40000 ALTER TABLE `appointment_record` DISABLE KEYS */;
/*!40000 ALTER TABLE `appointment_record` ENABLE KEYS */;
UNLOCK TABLES;

--
-- Table structure for table `coach_car`
--

DROP TABLE IF EXISTS `coach_car`;
/*!40101 SET @saved_cs_client     = @@character_set_client */;
/*!40101 SET character_set_client = utf8 */;
CREATE TABLE `coach_car` (
  `id` bigint(255) NOT NULL AUTO_INCREMENT COMMENT 'ä¸»é”®id',
  `number_plate` varchar(50) DEFAULT NULL COMMENT 'è½¦ç‰Œå·',
  `model` varchar(500) DEFAULT NULL COMMENT 'è½¦è¾†å‹å·',
  `width` varchar(50) DEFAULT NULL COMMENT 'å®½åº¦',
  `hight` varchar(50) DEFAULT NULL COMMENT 'é«˜åº¦',
  `length` varchar(50) DEFAULT NULL COMMENT 'è½¦é•¿',
  `color` varchar(50) DEFAULT NULL COMMENT 'è½¦è¾†é¢œè‰²',
  `purchase_date` datetime DEFAULT NULL COMMENT 'è´­ä¹°æ—¥æœŸ',
  `price` varchar(50) DEFAULT NULL COMMENT 'ä»·æ ¼',
  `is_valid` tinyint(2) DEFAULT NULL COMMENT 'æ•°æ®æ˜¯å¦æœ‰æ•ˆ',
  `deleted` tinyint(2) DEFAULT NULL COMMENT 'åˆ é™¤æ ‡å¿—',
  `create_time` datetime DEFAULT NULL COMMENT 'åˆ›å»ºæ—¶é—´',
  `update_by` varchar(64) DEFAULT '' COMMENT 'æ›´æ–°è€…',
  `update_time` datetime DEFAULT NULL COMMENT 'æ›´æ–°æ—¶é—´',
  `begin_time` datetime DEFAULT NULL COMMENT 'å¼€å§‹æ—¶é—´',
  `end_time` datetime DEFAULT NULL COMMENT 'ç»“æŸæ—¶é—´',
  `remark` varchar(500) DEFAULT NULL COMMENT 'å¤‡æ³¨',
  PRIMARY KEY (`id`)
) ENGINE=InnoDB DEFAULT CHARSET=utf8 COMMENT='æ•™ç»ƒè½¦ä¿¡æ¯è¡¨';
/*!40101 SET character_set_client = @saved_cs_client */;

--
-- Dumping data for table `coach_car`
--

LOCK TABLES `coach_car` WRITE;
/*!40000 ALTER TABLE `coach_car` DISABLE KEYS */;
/*!40000 ALTER TABLE `coach_car` ENABLE KEYS */;
UNLOCK TABLES;

--
-- Table structure for table `coach_car_association`
--

DROP TABLE IF EXISTS `coach_car_association`;
/*!40101 SET @saved_cs_client     = @@character_set_client */;
/*!40101 SET character_set_client = utf8 */;
CREATE TABLE `coach_car_association` (
  `id` bigint(255) NOT NULL AUTO_INCREMENT COMMENT 'ä¸»é”®id',
  `coach_id` bigint(255) NOT NULL COMMENT 'æ•™ç»ƒid',
  `car_id` bigint(255) NOT NULL COMMENT 'è½¦id',
  `deleted` tinyint(2) DEFAULT NULL COMMENT 'æ˜¯å¦åˆ é™¤',
  `create_time` datetime DEFAULT NULL COMMENT 'åˆ›å»ºæ—¶é—´',
  `create_by` varchar(64) DEFAULT '' COMMENT 'åˆ›å»ºè€…',
  `update_by` varchar(64) DEFAULT '' COMMENT 'æ›´æ–°è€…',
  `update_time` datetime DEFAULT NULL COMMENT 'æ›´æ–°æ—¶é—´',
  `begin_time` datetime DEFAULT NULL COMMENT 'å¼€å§‹æ—¶é—´',
  `end_time` datetime DEFAULT NULL COMMENT 'ç»“æŸæ—¶é—´',
  `remark` varchar(500) DEFAULT NULL COMMENT 'å¤‡æ³¨',
  PRIMARY KEY (`id`),
  KEY `coach_car_association_fk` (`car_id`),
  KEY `coach_car_association_fk_1` (`coach_id`),
  CONSTRAINT `coach_car_association_fk` FOREIGN KEY (`car_id`) REFERENCES `coach_car` (`id`),
  CONSTRAINT `coach_car_association_fk_1` FOREIGN KEY (`coach_id`) REFERENCES `sys_user_info` (`id`)
) ENGINE=InnoDB DEFAULT CHARSET=utf8 COMMENT='æ•™ç»ƒæ•™ç»ƒè½¦å…³è”è¡¨';
/*!40101 SET character_set_client = @saved_cs_client */;

--
-- Dumping data for table `coach_car_association`
--

LOCK TABLES `coach_car_association` WRITE;
/*!40000 ALTER TABLE `coach_car_association` DISABLE KEYS */;
/*!40000 ALTER TABLE `coach_car_association` ENABLE KEYS */;
UNLOCK TABLES;

--
-- Table structure for table `driver_license`
--

DROP TABLE IF EXISTS `driver_license`;
/*!40101 SET @saved_cs_client     = @@character_set_client */;
/*!40101 SET character_set_client = utf8 */;
CREATE TABLE `driver_license` (
  `id` bigint(255) NOT NULL AUTO_INCREMENT COMMENT 'ä¸»é”®id',
  `code` varchar(64) DEFAULT '' COMMENT 'é©¾é©¶è¯ä»£å·',
  `allow_car_type` varchar(64) DEFAULT '' COMMENT 'å‡†å‡è½¦å‹',
  `other_types` varchar(64) DEFAULT '' COMMENT 'å‡†äºˆé©¾é©¶çš„å…¶ä»–è½¦è¾†',
  `deleted` tinyint(2) DEFAULT NULL COMMENT 'æ˜¯å¦åˆ é™¤',
  `create_time` datetime DEFAULT NULL COMMENT 'åˆ›å»ºæ—¶é—´',
  `create_by` varchar(64) DEFAULT '' COMMENT 'åˆ›å»ºè€…',
  `update_by` varchar(64) DEFAULT '' COMMENT 'æ›´æ–°è€…',
  `update_time` datetime DEFAULT NULL COMMENT 'æ›´æ–°æ—¶é—´',
  `begin_time` datetime DEFAULT NULL COMMENT 'å¼€å§‹æ—¶é—´',
  `end_time` datetime DEFAULT NULL COMMENT 'ç»“æŸæ—¶é—´',
  `remark` varchar(500) DEFAULT NULL COMMENT 'å¤‡æ³¨',
  PRIMARY KEY (`id`)
) ENGINE=InnoDB AUTO_INCREMENT=145 DEFAULT CHARSET=utf8 COMMENT='é©¾é©¶è¯ç±»å‹è¡¨';
/*!40101 SET character_set_client = @saved_cs_client */;

--
-- Dumping data for table `driver_license`
--

LOCK TABLES `driver_license` WRITE;
/*!40000 ALTER TABLE `driver_license` DISABLE KEYS */;
INSERT INTO `driver_license` VALUES (33,'A1','å¤§å‹è½½å®¢æ±½è½¦','A3ã€B1ã€B2ã€C1ã€C2ã€C3ã€C4ã€M',0,'2020-04-11 23:47:19','witt','',NULL,NULL,NULL,NULL),(34,'A2','é‡å‹ã€ä¸­å‹å…¨æŒ‚ã€åŠæŒ‚æ±½è½¦åˆ—è½¦','B1ã€B2ã€C1ã€C2ã€C3ã€C4ã€M',0,'2020-04-11 23:47:19','witt','',NULL,NULL,NULL,NULL),(35,'A3','æ ¸è½½10äººä»¥ä¸Šçš„åŸå¸‚å…¬å…±æ±½è½¦','C1ã€C2ã€C3ã€C4',0,'2020-04-11 23:47:19','witt','',NULL,NULL,NULL,NULL),(36,'B1','ä¸­å‹è½½å®¢æ±½è½¦(å«æ ¸è½½10äººä»¥ä¸Šã€19äººä»¥ä¸‹çš„åŸå¸‚å…¬å…±æ±½è½¦)','C1ã€C2ã€C3ã€C4ã€M',0,'2020-04-11 23:47:19','witt','',NULL,NULL,NULL,NULL),(37,'B2','é‡å‹ã€ä¸­å‹è½½è´§æ±½è½¦,å¤§ã€é‡ã€ä¸­å‹ä¸“é¡¹ä½œä¸šè½¦','C1ã€C2ã€C3ã€C4ã€M',0,'2020-04-11 23:47:19','witt','',NULL,NULL,NULL,NULL),(38,'C1','å°å‹ã€å¾®å‹è½½å®¢æ±½è½¦ä»¥åŠè½»å‹ã€å¾®å‹è½½è´§æ±½è½¦ã€è½»ã€å°ã€å¾®å‹ä¸“é¡¹ä½œä¸šè½¦','C2ã€C3ã€C4',0,'2020-04-11 23:47:19','witt','',NULL,NULL,NULL,NULL),(39,'C2','å°å‹ã€å¾®å‹è‡ªåŠ¨æŒ¡è½½å®¢æ±½è½¦ä»¥åŠè½»å‹ã€å¾®å‹è‡ªåŠ¨æŒ¡è½½è´§æ±½è½¦','',0,'2020-04-11 23:47:19','witt','',NULL,NULL,NULL,NULL),(40,'C3','ä½é€Ÿè½½è´§æ±½è½¦(åŸå››è½®å†œç”¨è¿è¾“è½¦)','C4',0,'2020-04-11 23:47:19','witt','',NULL,NULL,NULL,NULL),(41,'C4','ä¸‰è½®æ±½è½¦(åŸä¸‰è½®å†œç”¨è¿è¾“è½¦)','',0,'2020-04-11 23:47:19','witt','',NULL,NULL,NULL,NULL),(42,'C5','æ®‹ç–¾äººä¸“ç”¨å°å‹ã€å¾®å‹è‡ªåŠ¨æŒ¡è½½å®¢æ±½è½¦(åªå…è®¸å³ä¸‹è‚¢æˆ–è€…åŒä¸‹è‚¢æ®‹ç–¾äººé©¾é©¶)','',0,'2020-04-11 23:47:19','witt','',NULL,NULL,NULL,NULL),(43,'D','æ™®é€šä¸‰è½®æ‘©æ‰˜è½¦å‘åŠ¨æœºæ’é‡å¤§äº50mlæˆ–è€…æœ€å¤§è®¾è®¡è½¦é€Ÿå¤§äº50km/hçš„ä¸‰è½®æ‘©æ‰˜è½¦','Eã€F',0,'2020-04-11 23:47:19','witt','',NULL,NULL,NULL,NULL),(44,'E','æ™®é€šäºŒè½®æ‘©æ‰˜è½¦å‘åŠ¨æœºæ’é‡å¤§äº50mlæˆ–è€…æœ€å¤§è®¾è®¡è½¦é€Ÿå¤§äº50km/hçš„äºŒè½®æ‘©æ‰˜è½¦','F',0,'2020-04-11 23:47:19','witt','',NULL,NULL,NULL,NULL),(45,'F','è½»ä¾¿æ‘©æ‰˜è½¦å‘åŠ¨æœºæ’é‡å°äºç­‰äº50mlï¼Œæœ€å¤§è®¾è®¡è½¦é€Ÿå°äºç­‰äº50km/hçš„æ‘©æ‰˜è½¦','',0,'2020-04-11 23:47:19','witt','',NULL,NULL,NULL,NULL),(46,'M','è½®å¼è‡ªè¡Œæœºæ¢°è½¦','',0,'2020-04-11 23:47:19','witt','',NULL,NULL,NULL,NULL),(47,'N','æ— è½¨ç”µè½¦æ— è½¨ç”µè½¦','',0,'2020-04-11 23:47:19','witt','',NULL,NULL,NULL,NULL),(48,'P','æœ‰è½¨ç”µè½¦æœ‰è½¨ç”µè½¦','',0,'2020-04-11 23:47:19','witt','',NULL,NULL,NULL,NULL),(49,'A1','å¤§å‹è½½å®¢æ±½è½¦','A3ã€B1ã€B2ã€C1ã€C2ã€C3ã€C4ã€M',0,'2020-04-13 17:35:33','witt','',NULL,NULL,NULL,NULL),(50,'A2','é‡å‹ã€ä¸­å‹å…¨æŒ‚ã€åŠæŒ‚æ±½è½¦åˆ—è½¦','B1ã€B2ã€C1ã€C2ã€C3ã€C4ã€M',0,'2020-04-13 17:35:33','witt','',NULL,NULL,NULL,NULL),(51,'A3','æ ¸è½½10äººä»¥ä¸Šçš„åŸå¸‚å…¬å…±æ±½è½¦','C1ã€C2ã€C3ã€C4',0,'2020-04-13 17:35:33','witt','',NULL,NULL,NULL,NULL),(52,'B1','ä¸­å‹è½½å®¢æ±½è½¦(å«æ ¸è½½10äººä»¥ä¸Šã€19äººä»¥ä¸‹çš„åŸå¸‚å…¬å…±æ±½è½¦)','C1ã€C2ã€C3ã€C4ã€M',0,'2020-04-13 17:35:33','witt','',NULL,NULL,NULL,NULL),(53,'B2','é‡å‹ã€ä¸­å‹è½½è´§æ±½è½¦,å¤§ã€é‡ã€ä¸­å‹ä¸“é¡¹ä½œä¸šè½¦','C1ã€C2ã€C3ã€C4ã€M',0,'2020-04-13 17:35:33','witt','',NULL,NULL,NULL,NULL),(54,'C1','å°å‹ã€å¾®å‹è½½å®¢æ±½è½¦ä»¥åŠè½»å‹ã€å¾®å‹è½½è´§æ±½è½¦ã€è½»ã€å°ã€å¾®å‹ä¸“é¡¹ä½œä¸šè½¦','C2ã€C3ã€C4',0,'2020-04-13 17:35:33','witt','',NULL,NULL,NULL,NULL),(55,'C2','å°å‹ã€å¾®å‹è‡ªåŠ¨æŒ¡è½½å®¢æ±½è½¦ä»¥åŠè½»å‹ã€å¾®å‹è‡ªåŠ¨æŒ¡è½½è´§æ±½è½¦','',0,'2020-04-13 17:35:33','witt','',NULL,NULL,NULL,NULL),(56,'C3','ä½é€Ÿè½½è´§æ±½è½¦(åŸå››è½®å†œç”¨è¿è¾“è½¦)','C4',0,'2020-04-13 17:35:33','witt','',NULL,NULL,NULL,NULL),(57,'C4','ä¸‰è½®æ±½è½¦(åŸä¸‰è½®å†œç”¨è¿è¾“è½¦)','',0,'2020-04-13 17:35:33','witt','',NULL,NULL,NULL,NULL),(58,'C5','æ®‹ç–¾äººä¸“ç”¨å°å‹ã€å¾®å‹è‡ªåŠ¨æŒ¡è½½å®¢æ±½è½¦(åªå…è®¸å³ä¸‹è‚¢æˆ–è€…åŒä¸‹è‚¢æ®‹ç–¾äººé©¾é©¶)','',0,'2020-04-13 17:35:33','witt','',NULL,NULL,NULL,NULL),(59,'D','æ™®é€šä¸‰è½®æ‘©æ‰˜è½¦å‘åŠ¨æœºæ’é‡å¤§äº50mlæˆ–è€…æœ€å¤§è®¾è®¡è½¦é€Ÿå¤§äº50km/hçš„ä¸‰è½®æ‘©æ‰˜è½¦','Eã€F',0,'2020-04-13 17:35:33','witt','',NULL,NULL,NULL,NULL),(60,'E','æ™®é€šäºŒè½®æ‘©æ‰˜è½¦å‘åŠ¨æœºæ’é‡å¤§äº50mlæˆ–è€…æœ€å¤§è®¾è®¡è½¦é€Ÿå¤§äº50km/hçš„äºŒè½®æ‘©æ‰˜è½¦','F',0,'2020-04-13 17:35:33','witt','',NULL,NULL,NULL,NULL),(61,'F','è½»ä¾¿æ‘©æ‰˜è½¦å‘åŠ¨æœºæ’é‡å°äºç­‰äº50mlï¼Œæœ€å¤§è®¾è®¡è½¦é€Ÿå°äºç­‰äº50km/hçš„æ‘©æ‰˜è½¦','',0,'2020-04-13 17:35:33','witt','',NULL,NULL,NULL,NULL),(62,'M','è½®å¼è‡ªè¡Œæœºæ¢°è½¦','',0,'2020-04-13 17:35:33','witt','',NULL,NULL,NULL,NULL),(63,'N','æ— è½¨ç”µè½¦æ— è½¨ç”µè½¦','',0,'2020-04-13 17:35:33','witt','',NULL,NULL,NULL,NULL),(64,'P','æœ‰è½¨ç”µè½¦æœ‰è½¨ç”µè½¦','',0,'2020-04-13 17:35:33','witt','',NULL,NULL,NULL,NULL),(65,'A1','å¤§å‹è½½å®¢æ±½è½¦','A3ã€B1ã€B2ã€C1ã€C2ã€C3ã€C4ã€M',0,'2020-04-13 18:40:45','witt','',NULL,NULL,NULL,NULL),(66,'A2','é‡å‹ã€ä¸­å‹å…¨æŒ‚ã€åŠæŒ‚æ±½è½¦åˆ—è½¦','B1ã€B2ã€C1ã€C2ã€C3ã€C4ã€M',0,'2020-04-13 18:40:45','witt','',NULL,NULL,NULL,NULL),(67,'A3','æ ¸è½½10äººä»¥ä¸Šçš„åŸå¸‚å…¬å…±æ±½è½¦','C1ã€C2ã€C3ã€C4',0,'2020-04-13 18:40:45','witt','',NULL,NULL,NULL,NULL),(68,'B1','ä¸­å‹è½½å®¢æ±½è½¦(å«æ ¸è½½10äººä»¥ä¸Šã€19äººä»¥ä¸‹çš„åŸå¸‚å…¬å…±æ±½è½¦)','C1ã€C2ã€C3ã€C4ã€M',0,'2020-04-13 18:40:45','witt','',NULL,NULL,NULL,NULL),(69,'B2','é‡å‹ã€ä¸­å‹è½½è´§æ±½è½¦,å¤§ã€é‡ã€ä¸­å‹ä¸“é¡¹ä½œä¸šè½¦','C1ã€C2ã€C3ã€C4ã€M',0,'2020-04-13 18:40:45','witt','',NULL,NULL,NULL,NULL),(70,'C1','å°å‹ã€å¾®å‹è½½å®¢æ±½è½¦ä»¥åŠè½»å‹ã€å¾®å‹è½½è´§æ±½è½¦ã€è½»ã€å°ã€å¾®å‹ä¸“é¡¹ä½œä¸šè½¦','C2ã€C3ã€C4',0,'2020-04-13 18:40:45','witt','',NULL,NULL,NULL,NULL),(71,'C2','å°å‹ã€å¾®å‹è‡ªåŠ¨æŒ¡è½½å®¢æ±½è½¦ä»¥åŠè½»å‹ã€å¾®å‹è‡ªåŠ¨æŒ¡è½½è´§æ±½è½¦','',0,'2020-04-13 18:40:45','witt','',NULL,NULL,NULL,NULL),(72,'C3','ä½é€Ÿè½½è´§æ±½è½¦(åŸå››è½®å†œç”¨è¿è¾“è½¦)','C4',0,'2020-04-13 18:40:45','witt','',NULL,NULL,NULL,NULL),(73,'C4','ä¸‰è½®æ±½è½¦(åŸä¸‰è½®å†œç”¨è¿è¾“è½¦)','',0,'2020-04-13 18:40:45','witt','',NULL,NULL,NULL,NULL),(74,'C5','æ®‹ç–¾äººä¸“ç”¨å°å‹ã€å¾®å‹è‡ªåŠ¨æŒ¡è½½å®¢æ±½è½¦(åªå…è®¸å³ä¸‹è‚¢æˆ–è€…åŒä¸‹è‚¢æ®‹ç–¾äººé©¾é©¶)','',0,'2020-04-13 18:40:45','witt','',NULL,NULL,NULL,NULL),(75,'D','æ™®é€šä¸‰è½®æ‘©æ‰˜è½¦å‘åŠ¨æœºæ’é‡å¤§äº50mlæˆ–è€…æœ€å¤§è®¾è®¡è½¦é€Ÿå¤§äº50km/hçš„ä¸‰è½®æ‘©æ‰˜è½¦','Eã€F',0,'2020-04-13 18:40:45','witt','',NULL,NULL,NULL,NULL),(76,'E','æ™®é€šäºŒè½®æ‘©æ‰˜è½¦å‘åŠ¨æœºæ’é‡å¤§äº50mlæˆ–è€…æœ€å¤§è®¾è®¡è½¦é€Ÿå¤§äº50km/hçš„äºŒè½®æ‘©æ‰˜è½¦','F',0,'2020-04-13 18:40:45','witt','',NULL,NULL,NULL,NULL),(77,'F','è½»ä¾¿æ‘©æ‰˜è½¦å‘åŠ¨æœºæ’é‡å°äºç­‰äº50mlï¼Œæœ€å¤§è®¾è®¡è½¦é€Ÿå°äºç­‰äº50km/hçš„æ‘©æ‰˜è½¦','',0,'2020-04-13 18:40:45','witt','',NULL,NULL,NULL,NULL),(78,'M','è½®å¼è‡ªè¡Œæœºæ¢°è½¦','',0,'2020-04-13 18:40:45','witt','',NULL,NULL,NULL,NULL),(79,'N','æ— è½¨ç”µè½¦æ— è½¨ç”µè½¦','',0,'2020-04-13 18:40:45','witt','',NULL,NULL,NULL,NULL),(80,'P','æœ‰è½¨ç”µè½¦æœ‰è½¨ç”µè½¦','',0,'2020-04-13 18:40:45','witt','',NULL,NULL,NULL,NULL),(81,'A1','å¤§å‹è½½å®¢æ±½è½¦','A3ã€B1ã€B2ã€C1ã€C2ã€C3ã€C4ã€M',0,'2020-04-14 12:02:34','witt','',NULL,NULL,NULL,NULL),(82,'A2','é‡å‹ã€ä¸­å‹å…¨æŒ‚ã€åŠæŒ‚æ±½è½¦åˆ—è½¦','B1ã€B2ã€C1ã€C2ã€C3ã€C4ã€M',0,'2020-04-14 12:02:34','witt','',NULL,NULL,NULL,NULL),(83,'A3','æ ¸è½½10äººä»¥ä¸Šçš„åŸå¸‚å…¬å…±æ±½è½¦','C1ã€C2ã€C3ã€C4',0,'2020-04-14 12:02:34','witt','',NULL,NULL,NULL,NULL),(84,'B1','ä¸­å‹è½½å®¢æ±½è½¦(å«æ ¸è½½10äººä»¥ä¸Šã€19äººä»¥ä¸‹çš„åŸå¸‚å…¬å…±æ±½è½¦)','C1ã€C2ã€C3ã€C4ã€M',0,'2020-04-14 12:02:34','witt','',NULL,NULL,NULL,NULL),(85,'B2','é‡å‹ã€ä¸­å‹è½½è´§æ±½è½¦,å¤§ã€é‡ã€ä¸­å‹ä¸“é¡¹ä½œä¸šè½¦','C1ã€C2ã€C3ã€C4ã€M',0,'2020-04-14 12:02:34','witt','',NULL,NULL,NULL,NULL),(86,'C1','å°å‹ã€å¾®å‹è½½å®¢æ±½è½¦ä»¥åŠè½»å‹ã€å¾®å‹è½½è´§æ±½è½¦ã€è½»ã€å°ã€å¾®å‹ä¸“é¡¹ä½œä¸šè½¦','C2ã€C3ã€C4',0,'2020-04-14 12:02:34','witt','',NULL,NULL,NULL,NULL),(87,'C2','å°å‹ã€å¾®å‹è‡ªåŠ¨æŒ¡è½½å®¢æ±½è½¦ä»¥åŠè½»å‹ã€å¾®å‹è‡ªåŠ¨æŒ¡è½½è´§æ±½è½¦','',0,'2020-04-14 12:02:34','witt','',NULL,NULL,NULL,NULL),(88,'C3','ä½é€Ÿè½½è´§æ±½è½¦(åŸå››è½®å†œç”¨è¿è¾“è½¦)','C4',0,'2020-04-14 12:02:34','witt','',NULL,NULL,NULL,NULL),(89,'C4','ä¸‰è½®æ±½è½¦(åŸä¸‰è½®å†œç”¨è¿è¾“è½¦)','',0,'2020-04-14 12:02:34','witt','',NULL,NULL,NULL,NULL),(90,'C5','æ®‹ç–¾äººä¸“ç”¨å°å‹ã€å¾®å‹è‡ªåŠ¨æŒ¡è½½å®¢æ±½è½¦(åªå…è®¸å³ä¸‹è‚¢æˆ–è€…åŒä¸‹è‚¢æ®‹ç–¾äººé©¾é©¶)','',0,'2020-04-14 12:02:34','witt','',NULL,NULL,NULL,NULL),(91,'D','æ™®é€šä¸‰è½®æ‘©æ‰˜è½¦å‘åŠ¨æœºæ’é‡å¤§äº50mlæˆ–è€…æœ€å¤§è®¾è®¡è½¦é€Ÿå¤§äº50km/hçš„ä¸‰è½®æ‘©æ‰˜è½¦','Eã€F',0,'2020-04-14 12:02:34','witt','',NULL,NULL,NULL,NULL),(92,'E','æ™®é€šäºŒè½®æ‘©æ‰˜è½¦å‘åŠ¨æœºæ’é‡å¤§äº50mlæˆ–è€…æœ€å¤§è®¾è®¡è½¦é€Ÿå¤§äº50km/hçš„äºŒè½®æ‘©æ‰˜è½¦','F',0,'2020-04-14 12:02:34','witt','',NULL,NULL,NULL,NULL),(93,'F','è½»ä¾¿æ‘©æ‰˜è½¦å‘åŠ¨æœºæ’é‡å°äºç­‰äº50mlï¼Œæœ€å¤§è®¾è®¡è½¦é€Ÿå°äºç­‰äº50km/hçš„æ‘©æ‰˜è½¦','',0,'2020-04-14 12:02:34','witt','',NULL,NULL,NULL,NULL),(94,'M','è½®å¼è‡ªè¡Œæœºæ¢°è½¦','',0,'2020-04-14 12:02:34','witt','',NULL,NULL,NULL,NULL),(95,'N','æ— è½¨ç”µè½¦æ— è½¨ç”µè½¦','',0,'2020-04-14 12:02:34','witt','',NULL,NULL,NULL,NULL),(96,'P','æœ‰è½¨ç”µè½¦æœ‰è½¨ç”µè½¦','',0,'2020-04-14 12:02:34','witt','',NULL,NULL,NULL,NULL),(97,'A1','å¤§å‹è½½å®¢æ±½è½¦','A3ã€B1ã€B2ã€C1ã€C2ã€C3ã€C4ã€M',0,'2020-04-14 12:03:29','witt','',NULL,NULL,NULL,NULL),(98,'A2','é‡å‹ã€ä¸­å‹å…¨æŒ‚ã€åŠæŒ‚æ±½è½¦åˆ—è½¦','B1ã€B2ã€C1ã€C2ã€C3ã€C4ã€M',0,'2020-04-14 12:03:29','witt','',NULL,NULL,NULL,NULL),(99,'A3','æ ¸è½½10äººä»¥ä¸Šçš„åŸå¸‚å…¬å…±æ±½è½¦','C1ã€C2ã€C3ã€C4',0,'2020-04-14 12:03:29','witt','',NULL,NULL,NULL,NULL),(100,'B1','ä¸­å‹è½½å®¢æ±½è½¦(å«æ ¸è½½10äººä»¥ä¸Šã€19äººä»¥ä¸‹çš„åŸå¸‚å…¬å…±æ±½è½¦)','C1ã€C2ã€C3ã€C4ã€M',0,'2020-04-14 12:03:29','witt','',NULL,NULL,NULL,NULL),(101,'B2','é‡å‹ã€ä¸­å‹è½½è´§æ±½è½¦,å¤§ã€é‡ã€ä¸­å‹ä¸“é¡¹ä½œä¸šè½¦','C1ã€C2ã€C3ã€C4ã€M',0,'2020-04-14 12:03:29','witt','',NULL,NULL,NULL,NULL),(102,'C1','å°å‹ã€å¾®å‹è½½å®¢æ±½è½¦ä»¥åŠè½»å‹ã€å¾®å‹è½½è´§æ±½è½¦ã€è½»ã€å°ã€å¾®å‹ä¸“é¡¹ä½œä¸šè½¦','C2ã€C3ã€C4',0,'2020-04-14 12:03:29','witt','',NULL,NULL,NULL,NULL),(103,'C2','å°å‹ã€å¾®å‹è‡ªåŠ¨æŒ¡è½½å®¢æ±½è½¦ä»¥åŠè½»å‹ã€å¾®å‹è‡ªåŠ¨æŒ¡è½½è´§æ±½è½¦','',0,'2020-04-14 12:03:29','witt','',NULL,NULL,NULL,NULL),(104,'C3','ä½é€Ÿè½½è´§æ±½è½¦(åŸå››è½®å†œç”¨è¿è¾“è½¦)','C4',0,'2020-04-14 12:03:29','witt','',NULL,NULL,NULL,NULL),(105,'C4','ä¸‰è½®æ±½è½¦(åŸä¸‰è½®å†œç”¨è¿è¾“è½¦)','',0,'2020-04-14 12:03:29','witt','',NULL,NULL,NULL,NULL),(106,'C5','æ®‹ç–¾äººä¸“ç”¨å°å‹ã€å¾®å‹è‡ªåŠ¨æŒ¡è½½å®¢æ±½è½¦(åªå…è®¸å³ä¸‹è‚¢æˆ–è€…åŒä¸‹è‚¢æ®‹ç–¾äººé©¾é©¶)','',0,'2020-04-14 12:03:29','witt','',NULL,NULL,NULL,NULL),(107,'D','æ™®é€šä¸‰è½®æ‘©æ‰˜è½¦å‘åŠ¨æœºæ’é‡å¤§äº50mlæˆ–è€…æœ€å¤§è®¾è®¡è½¦é€Ÿå¤§äº50km/hçš„ä¸‰è½®æ‘©æ‰˜è½¦','Eã€F',0,'2020-04-14 12:03:29','witt','',NULL,NULL,NULL,NULL),(108,'E','æ™®é€šäºŒè½®æ‘©æ‰˜è½¦å‘åŠ¨æœºæ’é‡å¤§äº50mlæˆ–è€…æœ€å¤§è®¾è®¡è½¦é€Ÿå¤§äº50km/hçš„äºŒè½®æ‘©æ‰˜è½¦','F',0,'2020-04-14 12:03:29','witt','',NULL,NULL,NULL,NULL),(109,'F','è½»ä¾¿æ‘©æ‰˜è½¦å‘åŠ¨æœºæ’é‡å°äºç­‰äº50mlï¼Œæœ€å¤§è®¾è®¡è½¦é€Ÿå°äºç­‰äº50km/hçš„æ‘©æ‰˜è½¦','',0,'2020-04-14 12:03:29','witt','',NULL,NULL,NULL,NULL),(110,'M','è½®å¼è‡ªè¡Œæœºæ¢°è½¦','',0,'2020-04-14 12:03:29','witt','',NULL,NULL,NULL,NULL),(111,'N','æ— è½¨ç”µè½¦æ— è½¨ç”µè½¦','',0,'2020-04-14 12:03:29','witt','',NULL,NULL,NULL,NULL),(112,'P','æœ‰è½¨ç”µè½¦æœ‰è½¨ç”µè½¦','',0,'2020-04-14 12:03:29','witt','',NULL,NULL,NULL,NULL),(113,'A1','å¤§å‹è½½å®¢æ±½è½¦','A3ã€B1ã€B2ã€C1ã€C2ã€C3ã€C4ã€M',0,'2020-04-25 02:07:42','witt','',NULL,NULL,NULL,NULL),(114,'A2','é‡å‹ã€ä¸­å‹å…¨æŒ‚ã€åŠæŒ‚æ±½è½¦åˆ—è½¦','B1ã€B2ã€C1ã€C2ã€C3ã€C4ã€M',0,'2020-04-25 02:07:42','witt','',NULL,NULL,NULL,NULL),(115,'A3','æ ¸è½½10äººä»¥ä¸Šçš„åŸå¸‚å…¬å…±æ±½è½¦','C1ã€C2ã€C3ã€C4',0,'2020-04-25 02:07:42','witt','',NULL,NULL,NULL,NULL),(116,'B1','ä¸­å‹è½½å®¢æ±½è½¦(å«æ ¸è½½10äººä»¥ä¸Šã€19äººä»¥ä¸‹çš„åŸå¸‚å…¬å…±æ±½è½¦)','C1ã€C2ã€C3ã€C4ã€M',0,'2020-04-25 02:07:42','witt','',NULL,NULL,NULL,NULL),(117,'B2','é‡å‹ã€ä¸­å‹è½½è´§æ±½è½¦,å¤§ã€é‡ã€ä¸­å‹ä¸“é¡¹ä½œä¸šè½¦','C1ã€C2ã€C3ã€C4ã€M',0,'2020-04-25 02:07:42','witt','',NULL,NULL,NULL,NULL),(118,'C1','å°å‹ã€å¾®å‹è½½å®¢æ±½è½¦ä»¥åŠè½»å‹ã€å¾®å‹è½½è´§æ±½è½¦ã€è½»ã€å°ã€å¾®å‹ä¸“é¡¹ä½œä¸šè½¦','C2ã€C3ã€C4',0,'2020-04-25 02:07:42','witt','',NULL,NULL,NULL,NULL),(119,'C2','å°å‹ã€å¾®å‹è‡ªåŠ¨æŒ¡è½½å®¢æ±½è½¦ä»¥åŠè½»å‹ã€å¾®å‹è‡ªåŠ¨æŒ¡è½½è´§æ±½è½¦','',0,'2020-04-25 02:07:42','witt','',NULL,NULL,NULL,NULL),(120,'C3','ä½é€Ÿè½½è´§æ±½è½¦(åŸå››è½®å†œç”¨è¿è¾“è½¦)','C4',0,'2020-04-25 02:07:42','witt','',NULL,NULL,NULL,NULL),(121,'C4','ä¸‰è½®æ±½è½¦(åŸä¸‰è½®å†œç”¨è¿è¾“è½¦)','',0,'2020-04-25 02:07:42','witt','',NULL,NULL,NULL,NULL),(122,'C5','æ®‹ç–¾äººä¸“ç”¨å°å‹ã€å¾®å‹è‡ªåŠ¨æŒ¡è½½å®¢æ±½è½¦(åªå…è®¸å³ä¸‹è‚¢æˆ–è€…åŒä¸‹è‚¢æ®‹ç–¾äººé©¾é©¶)','',0,'2020-04-25 02:07:42','witt','',NULL,NULL,NULL,NULL),(123,'D','æ™®é€šä¸‰è½®æ‘©æ‰˜è½¦å‘åŠ¨æœºæ’é‡å¤§äº50mlæˆ–è€…æœ€å¤§è®¾è®¡è½¦é€Ÿå¤§äº50km/hçš„ä¸‰è½®æ‘©æ‰˜è½¦','Eã€F',0,'2020-04-25 02:07:42','witt','',NULL,NULL,NULL,NULL),(124,'E','æ™®é€šäºŒè½®æ‘©æ‰˜è½¦å‘åŠ¨æœºæ’é‡å¤§äº50mlæˆ–è€…æœ€å¤§è®¾è®¡è½¦é€Ÿå¤§äº50km/hçš„äºŒè½®æ‘©æ‰˜è½¦','F',0,'2020-04-25 02:07:42','witt','',NULL,NULL,NULL,NULL),(125,'F','è½»ä¾¿æ‘©æ‰˜è½¦å‘åŠ¨æœºæ’é‡å°äºç­‰äº50mlï¼Œæœ€å¤§è®¾è®¡è½¦é€Ÿå°äºç­‰äº50km/hçš„æ‘©æ‰˜è½¦','',0,'2020-04-25 02:07:42','witt','',NULL,NULL,NULL,NULL),(126,'M','è½®å¼è‡ªè¡Œæœºæ¢°è½¦','',0,'2020-04-25 02:07:42','witt','',NULL,NULL,NULL,NULL),(127,'N','æ— è½¨ç”µè½¦æ— è½¨ç”µè½¦','',0,'2020-04-25 02:07:42','witt','',NULL,NULL,NULL,NULL),(128,'P','æœ‰è½¨ç”µè½¦æœ‰è½¨ç”µè½¦','',0,'2020-04-25 02:07:42','witt','',NULL,NULL,NULL,NULL),(129,'A1','å¤§å‹è½½å®¢æ±½è½¦','A3ã€B1ã€B2ã€C1ã€C2ã€C3ã€C4ã€M',0,'2020-04-25 02:10:50','witt','',NULL,NULL,NULL,NULL),(130,'A2','é‡å‹ã€ä¸­å‹å…¨æŒ‚ã€åŠæŒ‚æ±½è½¦åˆ—è½¦','B1ã€B2ã€C1ã€C2ã€C3ã€C4ã€M',0,'2020-04-25 02:10:50','witt','',NULL,NULL,NULL,NULL),(131,'A3','æ ¸è½½10äººä»¥ä¸Šçš„åŸå¸‚å…¬å…±æ±½è½¦','C1ã€C2ã€C3ã€C4',0,'2020-04-25 02:10:50','witt','',NULL,NULL,NULL,NULL),(132,'B1','ä¸­å‹è½½å®¢æ±½è½¦(å«æ ¸è½½10äººä»¥ä¸Šã€19äººä»¥ä¸‹çš„åŸå¸‚å…¬å…±æ±½è½¦)','C1ã€C2ã€C3ã€C4ã€M',0,'2020-04-25 02:10:50','witt','',NULL,NULL,NULL,NULL),(133,'B2','é‡å‹ã€ä¸­å‹è½½è´§æ±½è½¦,å¤§ã€é‡ã€ä¸­å‹ä¸“é¡¹ä½œä¸šè½¦','C1ã€C2ã€C3ã€C4ã€M',0,'2020-04-25 02:10:50','witt','',NULL,NULL,NULL,NULL),(134,'C1','å°å‹ã€å¾®å‹è½½å®¢æ±½è½¦ä»¥åŠè½»å‹ã€å¾®å‹è½½è´§æ±½è½¦ã€è½»ã€å°ã€å¾®å‹ä¸“é¡¹ä½œä¸šè½¦','C2ã€C3ã€C4',0,'2020-04-25 02:10:50','witt','',NULL,NULL,NULL,NULL),(135,'C2','å°å‹ã€å¾®å‹è‡ªåŠ¨æŒ¡è½½å®¢æ±½è½¦ä»¥åŠè½»å‹ã€å¾®å‹è‡ªåŠ¨æŒ¡è½½è´§æ±½è½¦','',0,'2020-04-25 02:10:50','witt','',NULL,NULL,NULL,NULL),(136,'C3','ä½é€Ÿè½½è´§æ±½è½¦(åŸå››è½®å†œç”¨è¿è¾“è½¦)','C4',0,'2020-04-25 02:10:50','witt','',NULL,NULL,NULL,NULL),(137,'C4','ä¸‰è½®æ±½è½¦(åŸä¸‰è½®å†œç”¨è¿è¾“è½¦)','',0,'2020-04-25 02:10:50','witt','',NULL,NULL,NULL,NULL),(138,'C5','æ®‹ç–¾äººä¸“ç”¨å°å‹ã€å¾®å‹è‡ªåŠ¨æŒ¡è½½å®¢æ±½è½¦(åªå…è®¸å³ä¸‹è‚¢æˆ–è€…åŒä¸‹è‚¢æ®‹ç–¾äººé©¾é©¶)','',0,'2020-04-25 02:10:50','witt','',NULL,NULL,NULL,NULL),(139,'D','æ™®é€šä¸‰è½®æ‘©æ‰˜è½¦å‘åŠ¨æœºæ’é‡å¤§äº50mlæˆ–è€…æœ€å¤§è®¾è®¡è½¦é€Ÿå¤§äº50km/hçš„ä¸‰è½®æ‘©æ‰˜è½¦','Eã€F',0,'2020-04-25 02:10:50','witt','',NULL,NULL,NULL,NULL),(140,'E','æ™®é€šäºŒè½®æ‘©æ‰˜è½¦å‘åŠ¨æœºæ’é‡å¤§äº50mlæˆ–è€…æœ€å¤§è®¾è®¡è½¦é€Ÿå¤§äº50km/hçš„äºŒè½®æ‘©æ‰˜è½¦','F',0,'2020-04-25 02:10:50','witt','',NULL,NULL,NULL,NULL),(141,'F','è½»ä¾¿æ‘©æ‰˜è½¦å‘åŠ¨æœºæ’é‡å°äºç­‰äº50mlï¼Œæœ€å¤§è®¾è®¡è½¦é€Ÿå°äºç­‰äº50km/hçš„æ‘©æ‰˜è½¦','',0,'2020-04-25 02:10:50','witt','',NULL,NULL,NULL,NULL),(142,'M','è½®å¼è‡ªè¡Œæœºæ¢°è½¦','',0,'2020-04-25 02:10:50','witt','',NULL,NULL,NULL,NULL),(143,'N','æ— è½¨ç”µè½¦æ— è½¨ç”µè½¦','',0,'2020-04-25 02:10:50','witt','',NULL,NULL,NULL,NULL),(144,'P','æœ‰è½¨ç”µè½¦æœ‰è½¨ç”µè½¦','',0,'2020-04-25 02:10:50','witt','',NULL,NULL,NULL,NULL);
/*!40000 ALTER TABLE `driver_license` ENABLE KEYS */;
UNLOCK TABLES;

--
-- Table structure for table `gen_table`
--

DROP TABLE IF EXISTS `gen_table`;
/*!40101 SET @saved_cs_client     = @@character_set_client */;
/*!40101 SET character_set_client = utf8 */;
CREATE TABLE `gen_table` (
  `table_id` bigint(20) NOT NULL AUTO_INCREMENT COMMENT 'ç¼–å·',
  `table_name` varchar(200) DEFAULT '' COMMENT 'è¡¨åç§°',
  `table_comment` varchar(500) DEFAULT '' COMMENT 'è¡¨æè¿°',
  `class_name` varchar(100) DEFAULT '' COMMENT 'å®ä½“ç±»åç§°',
  `tpl_category` varchar(200) DEFAULT 'crud' COMMENT 'ä½¿ç”¨çš„æ¨¡æ¿ï¼ˆcrudå•è¡¨æ“ä½œ treeæ ‘è¡¨æ“ä½œï¼‰',
  `package_name` varchar(100) DEFAULT NULL COMMENT 'ç”ŸæˆåŒ…è·¯å¾„',
  `module_name` varchar(30) DEFAULT NULL COMMENT 'ç”Ÿæˆæ¨¡å—å',
  `business_name` varchar(30) DEFAULT NULL COMMENT 'ç”Ÿæˆä¸šåŠ¡å',
  `function_name` varchar(50) DEFAULT NULL COMMENT 'ç”ŸæˆåŠŸèƒ½å',
  `function_author` varchar(50) DEFAULT NULL COMMENT 'ç”ŸæˆåŠŸèƒ½ä½œè€…',
  `options` varchar(1000) DEFAULT NULL COMMENT 'å…¶å®ƒç”Ÿæˆé€‰é¡¹',
  `create_by` varchar(64) DEFAULT '' COMMENT 'åˆ›å»ºè€…',
  `create_time` datetime DEFAULT NULL COMMENT 'åˆ›å»ºæ—¶é—´',
  `update_by` varchar(64) DEFAULT '' COMMENT 'æ›´æ–°è€…',
  `update_time` datetime DEFAULT NULL COMMENT 'æ›´æ–°æ—¶é—´',
  `remark` varchar(500) DEFAULT NULL COMMENT 'å¤‡æ³¨',
  PRIMARY KEY (`table_id`)
) ENGINE=InnoDB DEFAULT CHARSET=utf8;
/*!40101 SET character_set_client = @saved_cs_client */;

--
-- Dumping data for table `gen_table`
--

LOCK TABLES `gen_table` WRITE;
/*!40000 ALTER TABLE `gen_table` DISABLE KEYS */;
/*!40000 ALTER TABLE `gen_table` ENABLE KEYS */;
UNLOCK TABLES;

--
-- Table structure for table `gen_table_column`
--

DROP TABLE IF EXISTS `gen_table_column`;
/*!40101 SET @saved_cs_client     = @@character_set_client */;
/*!40101 SET character_set_client = utf8 */;
CREATE TABLE `gen_table_column` (
  `column_id` bigint(20) NOT NULL AUTO_INCREMENT COMMENT 'ç¼–å·',
  `table_id` varchar(64) DEFAULT NULL COMMENT 'å½’å±è¡¨ç¼–å·',
  `column_name` varchar(200) DEFAULT NULL COMMENT 'åˆ—åç§°',
  `column_comment` varchar(500) DEFAULT NULL COMMENT 'åˆ—æè¿°',
  `column_type` varchar(100) DEFAULT NULL COMMENT 'åˆ—ç±»å‹',
  `java_type` varchar(500) DEFAULT NULL COMMENT 'JAVAç±»å‹',
  `java_field` varchar(200) DEFAULT NULL COMMENT 'JAVAå­—æ®µå',
  `is_pk` char(1) DEFAULT NULL COMMENT 'æ˜¯å¦ä¸»é”®ï¼ˆ1æ˜¯ï¼‰',
  `is_increment` char(1) DEFAULT NULL COMMENT 'æ˜¯å¦è‡ªå¢ï¼ˆ1æ˜¯ï¼‰',
  `is_required` char(1) DEFAULT NULL COMMENT 'æ˜¯å¦å¿…å¡«ï¼ˆ1æ˜¯ï¼‰',
  `is_insert` char(1) DEFAULT NULL COMMENT 'æ˜¯å¦ä¸ºæ’å…¥å­—æ®µï¼ˆ1æ˜¯ï¼‰',
  `is_edit` char(1) DEFAULT NULL COMMENT 'æ˜¯å¦ç¼–è¾‘å­—æ®µï¼ˆ1æ˜¯ï¼‰',
  `is_list` char(1) DEFAULT NULL COMMENT 'æ˜¯å¦åˆ—è¡¨å­—æ®µï¼ˆ1æ˜¯ï¼‰',
  `is_query` char(1) DEFAULT NULL COMMENT 'æ˜¯å¦æŸ¥è¯¢å­—æ®µï¼ˆ1æ˜¯ï¼‰',
  `query_type` varchar(200) DEFAULT 'EQ' COMMENT 'æŸ¥è¯¢æ–¹å¼ï¼ˆç­‰äºã€ä¸ç­‰äºã€å¤§äºã€å°äºã€èŒƒå›´ï¼‰',
  `html_type` varchar(200) DEFAULT NULL COMMENT 'æ˜¾ç¤ºç±»å‹ï¼ˆæ–‡æœ¬æ¡†ã€æ–‡æœ¬åŸŸã€ä¸‹æ‹‰æ¡†ã€å¤é€‰æ¡†ã€å•é€‰æ¡†ã€æ—¥æœŸæ§ä»¶ï¼‰',
  `dict_type` varchar(200) DEFAULT '' COMMENT 'å­—å…¸ç±»å‹',
  `sort` int(11) DEFAULT NULL COMMENT 'æ’åº',
  `create_by` varchar(64) DEFAULT '' COMMENT 'åˆ›å»ºè€…',
  `create_time` datetime DEFAULT NULL COMMENT 'åˆ›å»ºæ—¶é—´',
  `update_by` varchar(64) DEFAULT '' COMMENT 'æ›´æ–°è€…',
  `update_time` datetime DEFAULT NULL COMMENT 'æ›´æ–°æ—¶é—´',
  PRIMARY KEY (`column_id`)
) ENGINE=InnoDB DEFAULT CHARSET=utf8;
/*!40101 SET character_set_client = @saved_cs_client */;

--
-- Dumping data for table `gen_table_column`
--

LOCK TABLES `gen_table_column` WRITE;
/*!40000 ALTER TABLE `gen_table_column` DISABLE KEYS */;
/*!40000 ALTER TABLE `gen_table_column` ENABLE KEYS */;
UNLOCK TABLES;

--
-- Table structure for table `pdman_db_version`
--

DROP TABLE IF EXISTS `pdman_db_version`;
/*!40101 SET @saved_cs_client     = @@character_set_client */;
/*!40101 SET character_set_client = utf8 */;
CREATE TABLE `pdman_db_version` (
  `DB_VERSION` varchar(256) DEFAULT NULL,
  `VERSION_DESC` varchar(1024) DEFAULT NULL,
  `CREATED_TIME` varchar(32) DEFAULT NULL
) ENGINE=InnoDB DEFAULT CHARSET=utf8;
/*!40101 SET character_set_client = @saved_cs_client */;

--
-- Dumping data for table `pdman_db_version`
--

LOCK TABLES `pdman_db_version` WRITE;
/*!40000 ALTER TABLE `pdman_db_version` DISABLE KEYS */;
/*!40000 ALTER TABLE `pdman_db_version` ENABLE KEYS */;
UNLOCK TABLES;

--
-- Table structure for table `rfid_card`
--

DROP TABLE IF EXISTS `rfid_card`;
/*!40101 SET @saved_cs_client     = @@character_set_client */;
/*!40101 SET character_set_client = utf8 */;
CREATE TABLE `rfid_card` (
  `id` bigint(255) NOT NULL AUTO_INCREMENT COMMENT 'ä¸»é”®id',
  `phy_number` varchar(64) DEFAULT '' COMMENT 'ç‰©ç†å¡å·',
  `color` varchar(64) DEFAULT '' COMMENT 'å¡ç‰‡é¢œè‰²',
  `size` varchar(64) DEFAULT '' COMMENT 'å¡ç‰‡å°ºå¯¸',
  `type` varchar(64) DEFAULT '' COMMENT 'å¡ç‰‡ç±»å‹',
  `status` varchar(64) DEFAULT '' COMMENT 'å¡ç‰‡çŠ¶æ€',
  `deleted` tinyint(2) DEFAULT NULL COMMENT 'æ˜¯å¦åˆ é™¤',
  `create_time` datetime DEFAULT NULL COMMENT 'åˆ›å»ºæ—¶é—´',
  `create_by` varchar(64) DEFAULT '' COMMENT 'åˆ›å»ºè€…',
  `update_by` varchar(64) DEFAULT '' COMMENT 'æ›´æ–°è€…',
  `update_time` datetime DEFAULT NULL COMMENT 'æ›´æ–°æ—¶é—´',
  `begin_time` datetime DEFAULT NULL COMMENT 'å¼€å§‹æ—¶é—´',
  `end_time` datetime DEFAULT NULL COMMENT 'ç»“æŸæ—¶é—´',
  `remark` varchar(500) DEFAULT NULL COMMENT 'å¤‡æ³¨',
  PRIMARY KEY (`id`)
) ENGINE=InnoDB AUTO_INCREMENT=9 DEFAULT CHARSET=utf8 COMMENT='RFIDå¡ç™»è®°è¡¨';
/*!40101 SET character_set_client = @saved_cs_client */;

--
-- Dumping data for table `rfid_card`
--

LOCK TABLES `rfid_card` WRITE;
/*!40000 ALTER TABLE `rfid_card` DISABLE KEYS */;
INSERT INTO `rfid_card` VALUES (1,'89041DB3','ç™½è‰²','10*10','','ç®¡ç†å‘˜æˆæƒ',1,'2020-04-20 06:40:55','admin','',NULL,NULL,NULL,'è‡ªåŠ¨åˆ›å»º');
/*!40000 ALTER TABLE `rfid_card` ENABLE KEYS */;
UNLOCK TABLES;

--
-- Table structure for table `student_coach`
--

DROP TABLE IF EXISTS `student_coach`;
/*!40101 SET @saved_cs_client     = @@character_set_client */;
/*!40101 SET character_set_client = utf8 */;
CREATE TABLE `student_coach` (
  `id` bigint(255) NOT NULL AUTO_INCREMENT COMMENT 'ä¸»é”®id',
  `student_id` bigint(255) NOT NULL COMMENT 'å­¦å‘˜id',
  `coach_id` bigint(255) NOT NULL COMMENT 'æ•™ç»ƒid',
  `bind_time` datetime DEFAULT CURRENT_TIMESTAMP COMMENT 'ç»‘å®šæ—¶é—´',
  `is_untie_bind` tinyint(2) DEFAULT NULL COMMENT 'æ˜¯å¦è§£ç»‘',
  `create_time` datetime DEFAULT NULL COMMENT 'åˆ›å»ºæ—¶é—´',
  `create_by` varchar(64) DEFAULT '' COMMENT 'åˆ›å»ºè€…',
  `update_by` varchar(64) DEFAULT '' COMMENT 'æ›´æ–°è€…',
  `update_time` datetime DEFAULT NULL COMMENT 'æ›´æ–°æ—¶é—´',
  `begin_time` datetime DEFAULT NULL COMMENT 'å¼€å§‹æ—¶é—´',
  `end_time` datetime DEFAULT NULL COMMENT 'ç»“æŸæ—¶é—´',
  `remark` varchar(500) DEFAULT NULL COMMENT 'å¤‡æ³¨',
  PRIMARY KEY (`id`),
  KEY `student_coach_fk` (`student_id`),
  KEY `student_coach_fk_1` (`coach_id`),
  CONSTRAINT `student_coach_fk` FOREIGN KEY (`student_id`) REFERENCES `sys_user_info` (`id`),
  CONSTRAINT `student_coach_fk_1` FOREIGN KEY (`coach_id`) REFERENCES `sys_user_info` (`id`)
) ENGINE=InnoDB DEFAULT CHARSET=utf8 COMMENT='å­¦å‘˜æ•™ç»ƒå…³è”è¡¨';
/*!40101 SET character_set_client = @saved_cs_client */;

--
-- Dumping data for table `student_coach`
--

LOCK TABLES `student_coach` WRITE;
/*!40000 ALTER TABLE `student_coach` DISABLE KEYS */;
/*!40000 ALTER TABLE `student_coach` ENABLE KEYS */;
UNLOCK TABLES;

--
-- Table structure for table `swipe_rfid_record`
--

DROP TABLE IF EXISTS `swipe_rfid_record`;
/*!40101 SET @saved_cs_client     = @@character_set_client */;
/*!40101 SET character_set_client = utf8 */;
CREATE TABLE `swipe_rfid_record` (
  `id` bigint(255) NOT NULL AUTO_INCREMENT COMMENT 'è®°å½•id',
  `rfid_id` bigint(255) NOT NULL COMMENT 'RFIDè¡¨ä¸»é”®',
  `user_info_id` bigint(255) NOT NULL COMMENT 'ç”¨æˆ·ä¿¡æ¯è¡¨ä¸»é”®',
  `swipe_type` varchar(50) DEFAULT NULL COMMENT 'åˆ·å¡ç±»å‹',
  `status` varchar(20) DEFAULT NULL COMMENT 'è®°å½•çŠ¶æ€',
  `action` varchar(50) DEFAULT NULL COMMENT 'æ´»åŠ¨è®°å½•',
  `create_by` varchar(64) DEFAULT '' COMMENT 'åˆ›å»ºè€…',
  `create_time` datetime DEFAULT NULL COMMENT 'åˆ›å»ºæ—¶é—´',
  `update_by` varchar(64) DEFAULT '' COMMENT 'æ›´æ–°è€…',
  `update_time` datetime DEFAULT NULL COMMENT 'æ›´æ–°æ—¶é—´',
  `begin_time` datetime DEFAULT NULL COMMENT 'å¼€å§‹æ—¶é—´',
  `end_time` datetime DEFAULT NULL COMMENT 'ç»“æŸæ—¶é—´',
  `remark` varchar(500) DEFAULT NULL COMMENT 'å¤‡æ³¨',
  PRIMARY KEY (`id`),
  KEY `swipe_rfid_record_fk` (`rfid_id`),
  KEY `swipe_rfid_record_fk_1` (`user_info_id`)
) ENGINE=InnoDB AUTO_INCREMENT=15 DEFAULT CHARSET=utf8 COMMENT='åˆ·å¡è®°å½•è¡¨';
/*!40101 SET character_set_client = @saved_cs_client */;

--
-- Dumping data for table `swipe_rfid_record`
--

LOCK TABLES `swipe_rfid_record` WRITE;
/*!40000 ALTER TABLE `swipe_rfid_record` DISABLE KEYS */;
/*!40000 ALTER TABLE `swipe_rfid_record` ENABLE KEYS */;
UNLOCK TABLES;

--
-- Table structure for table `sys_config`
--

DROP TABLE IF EXISTS `sys_config`;
/*!40101 SET @saved_cs_client     = @@character_set_client */;
/*!40101 SET character_set_client = utf8 */;
CREATE TABLE `sys_config` (
  `config_id` int(5) NOT NULL AUTO_INCREMENT COMMENT 'å‚æ•°ä¸»é”®',
  `config_name` varchar(100) DEFAULT '' COMMENT 'å‚æ•°åç§°',
  `config_key` varchar(100) DEFAULT '' COMMENT 'å‚æ•°é”®å',
  `config_value` varchar(500) DEFAULT '' COMMENT 'å‚æ•°é”®å€¼',
  `config_type` char(1) DEFAULT 'N' COMMENT 'ç³»ç»Ÿå†…ç½®ï¼ˆYæ˜¯ Nå¦ï¼‰',
  `create_by` varchar(64) DEFAULT '' COMMENT 'åˆ›å»ºè€…',
  `create_time` datetime DEFAULT NULL COMMENT 'åˆ›å»ºæ—¶é—´',
  `update_by` varchar(64) DEFAULT '' COMMENT 'æ›´æ–°è€…',
  `update_time` datetime DEFAULT NULL COMMENT 'æ›´æ–°æ—¶é—´',
  `remark` varchar(500) DEFAULT NULL COMMENT 'å¤‡æ³¨',
  PRIMARY KEY (`config_id`)
) ENGINE=InnoDB AUTO_INCREMENT=4 DEFAULT CHARSET=utf8 COMMENT='å‚æ•°é…ç½®è¡¨';
/*!40101 SET character_set_client = @saved_cs_client */;

--
-- Dumping data for table `sys_config`
--

LOCK TABLES `sys_config` WRITE;
/*!40000 ALTER TABLE `sys_config` DISABLE KEYS */;
INSERT INTO `sys_config` VALUES (1,'ä¸»æ¡†æ¶é¡µ-é»˜è®¤çš®è‚¤æ ·å¼åç§°','sys.index.skinName','skin-blue','Y','admin','2018-03-16 11:33:00','ry','2018-03-16 11:33:00','è“è‰² skin-blueã€ç»¿è‰² skin-greenã€ç´«è‰² skin-purpleã€çº¢è‰² skin-redã€é»„è‰² skin-yellow'),(2,'ç”¨æˆ·ç®¡ç†-è´¦å·åˆå§‹å¯†ç ','sys.user.initPassword','123456','Y','admin','2018-03-16 11:33:00','ry','2018-03-16 11:33:00','åˆå§‹åŒ–å¯†ç  123456'),(3,'ä¸»æ¡†æ¶é¡µ-ä¾§è¾¹æ ä¸»é¢˜','sys.index.sideTheme','theme-dark','Y','admin','2018-03-16 11:33:00','ry','2018-03-16 11:33:00','æ·±è‰²ä¸»é¢˜theme-darkï¼Œæµ…è‰²ä¸»é¢˜theme-light');
/*!40000 ALTER TABLE `sys_config` ENABLE KEYS */;
UNLOCK TABLES;

--
-- Table structure for table `sys_dept`
--

DROP TABLE IF EXISTS `sys_dept`;
/*!40101 SET @saved_cs_client     = @@character_set_client */;
/*!40101 SET character_set_client = utf8 */;
CREATE TABLE `sys_dept` (
  `dept_id` bigint(20) NOT NULL AUTO_INCREMENT COMMENT 'éƒ¨é—¨id',
  `parent_id` bigint(20) DEFAULT '0' COMMENT 'çˆ¶éƒ¨é—¨id',
  `ancestors` varchar(50) DEFAULT '' COMMENT 'ç¥–çº§åˆ—è¡¨',
  `dept_name` varchar(30) DEFAULT '' COMMENT 'éƒ¨é—¨åç§°',
  `order_num` int(4) DEFAULT '0' COMMENT 'æ˜¾ç¤ºé¡ºåº',
  `leader` varchar(20) DEFAULT NULL COMMENT 'è´Ÿè´£äºº',
  `phone` varchar(11) DEFAULT NULL COMMENT 'è”ç³»ç”µè¯',
  `email` varchar(50) DEFAULT NULL COMMENT 'é‚®ç®±',
  `status` char(1) DEFAULT '0' COMMENT 'éƒ¨é—¨çŠ¶æ€ï¼ˆ0æ­£å¸¸ 1åœç”¨ï¼‰',
  `del_flag` char(1) DEFAULT '0' COMMENT 'åˆ é™¤æ ‡å¿—ï¼ˆ0ä»£è¡¨å­˜åœ¨ 2ä»£è¡¨åˆ é™¤ï¼‰',
  `create_by` varchar(64) DEFAULT '' COMMENT 'åˆ›å»ºè€…',
  `create_time` datetime DEFAULT NULL COMMENT 'åˆ›å»ºæ—¶é—´',
  `update_by` varchar(64) DEFAULT '' COMMENT 'æ›´æ–°è€…',
  `update_time` datetime DEFAULT NULL COMMENT 'æ›´æ–°æ—¶é—´',
  PRIMARY KEY (`dept_id`)
) ENGINE=InnoDB AUTO_INCREMENT=110 DEFAULT CHARSET=utf8 COMMENT='éƒ¨é—¨è¡¨';
/*!40101 SET character_set_client = @saved_cs_client */;

--
-- Dumping data for table `sys_dept`
--

LOCK TABLES `sys_dept` WRITE;
/*!40000 ALTER TABLE `sys_dept` DISABLE KEYS */;
INSERT INTO `sys_dept` VALUES (100,0,'0','è‹¥ä¾ç§‘æŠ€',0,'è‹¥ä¾','15888888888','ry@qq.com','0','0','admin','2018-03-16 11:33:00','ry','2018-03-16 11:33:00'),(101,100,'0,100','æ·±åœ³æ€»å…¬å¸',1,'è‹¥ä¾','15888888888','ry@qq.com','0','0','admin','2018-03-16 11:33:00','ry','2018-03-16 11:33:00'),(102,100,'0,100','é•¿æ²™åˆ†å…¬å¸',2,'è‹¥ä¾','15888888888','ry@qq.com','0','0','admin','2018-03-16 11:33:00','ry','2018-03-16 11:33:00'),(103,101,'0,100,101','ç ”å‘éƒ¨é—¨',1,'è‹¥ä¾','15888888888','ry@qq.com','0','0','admin','2018-03-16 11:33:00','ry','2018-03-16 11:33:00'),(104,101,'0,100,101','å¸‚åœºéƒ¨é—¨',2,'è‹¥ä¾','15888888888','ry@qq.com','0','0','admin','2018-03-16 11:33:00','ry','2018-03-16 11:33:00'),(105,101,'0,100,101','æµ‹è¯•éƒ¨é—¨',3,'è‹¥ä¾','15888888888','ry@qq.com','0','0','admin','2018-03-16 11:33:00','ry','2018-03-16 11:33:00'),(106,101,'0,100,101','è´¢åŠ¡éƒ¨é—¨',4,'è‹¥ä¾','15888888888','ry@qq.com','0','0','admin','2018-03-16 11:33:00','ry','2018-03-16 11:33:00'),(107,101,'0,100,101','è¿ç»´éƒ¨é—¨',5,'è‹¥ä¾','15888888888','ry@qq.com','0','0','admin','2018-03-16 11:33:00','ry','2018-03-16 11:33:00'),(108,102,'0,100,102','å¸‚åœºéƒ¨é—¨',1,'è‹¥ä¾','15888888888','ry@qq.com','0','0','admin','2018-03-16 11:33:00','ry','2018-03-16 11:33:00'),(109,102,'0,100,102','è´¢åŠ¡éƒ¨é—¨',2,'è‹¥ä¾','15888888888','ry@qq.com','0','0','admin','2018-03-16 11:33:00','ry','2018-03-16 11:33:00');
/*!40000 ALTER TABLE `sys_dept` ENABLE KEYS */;
UNLOCK TABLES;

--
-- Table structure for table `sys_dict_data`
--

DROP TABLE IF EXISTS `sys_dict_data`;
/*!40101 SET @saved_cs_client     = @@character_set_client */;
/*!40101 SET character_set_client = utf8 */;
CREATE TABLE `sys_dict_data` (
  `dict_code` bigint(20) NOT NULL AUTO_INCREMENT COMMENT 'å­—å…¸ç¼–ç ',
  `dict_sort` int(4) DEFAULT '0' COMMENT 'å­—å…¸æ’åº',
  `dict_label` varchar(100) DEFAULT '' COMMENT 'å­—å…¸æ ‡ç­¾',
  `dict_value` varchar(100) DEFAULT '' COMMENT 'å­—å…¸é”®å€¼',
  `dict_type` varchar(100) DEFAULT '' COMMENT 'å­—å…¸ç±»å‹',
  `css_class` varchar(100) DEFAULT NULL COMMENT 'æ ·å¼å±æ€§ï¼ˆå…¶ä»–æ ·å¼æ‰©å±•ï¼‰',
  `list_class` varchar(100) DEFAULT NULL COMMENT 'è¡¨æ ¼å›æ˜¾æ ·å¼',
  `is_default` char(1) DEFAULT 'N' COMMENT 'æ˜¯å¦é»˜è®¤ï¼ˆYæ˜¯ Nå¦ï¼‰',
  `status` char(1) DEFAULT '0' COMMENT 'çŠ¶æ€ï¼ˆ0æ­£å¸¸ 1åœç”¨ï¼‰',
  `create_by` varchar(64) DEFAULT '' COMMENT 'åˆ›å»ºè€…',
  `create_time` datetime DEFAULT NULL COMMENT 'åˆ›å»ºæ—¶é—´',
  `update_by` varchar(64) DEFAULT '' COMMENT 'æ›´æ–°è€…',
  `update_time` datetime DEFAULT NULL COMMENT 'æ›´æ–°æ—¶é—´',
  `remark` varchar(500) DEFAULT NULL COMMENT 'å¤‡æ³¨',
  PRIMARY KEY (`dict_code`)
) ENGINE=InnoDB AUTO_INCREMENT=31 DEFAULT CHARSET=utf8 COMMENT='å­—å…¸æ•°æ®è¡¨';
/*!40101 SET character_set_client = @saved_cs_client */;

--
-- Dumping data for table `sys_dict_data`
--

LOCK TABLES `sys_dict_data` WRITE;
/*!40000 ALTER TABLE `sys_dict_data` DISABLE KEYS */;
INSERT INTO `sys_dict_data` VALUES (1,1,'ç”·','0','sys_user_sex','','','Y','0','admin','2018-03-16 11:33:00','ry','2018-03-16 11:33:00','æ€§åˆ«ç”·'),(2,2,'å¥³','1','sys_user_sex','','','N','0','admin','2018-03-16 11:33:00','ry','2018-03-16 11:33:00','æ€§åˆ«å¥³'),(3,3,'æœªçŸ¥','2','sys_user_sex','','','N','0','admin','2018-03-16 11:33:00','ry','2018-03-16 11:33:00','æ€§åˆ«æœªçŸ¥'),(4,1,'æ˜¾ç¤º','0','sys_show_hide','','primary','Y','0','admin','2018-03-16 11:33:00','ry','2018-03-16 11:33:00','æ˜¾ç¤ºèœå•'),(5,2,'éšè—','1','sys_show_hide','','danger','N','0','admin','2018-03-16 11:33:00','ry','2018-03-16 11:33:00','éšè—èœå•'),(6,1,'æ­£å¸¸','0','sys_normal_disable','','primary','Y','0','admin','2018-03-16 11:33:00','ry','2018-03-16 11:33:00','æ­£å¸¸çŠ¶æ€'),(7,2,'åœç”¨','1','sys_normal_disable','','danger','N','0','admin','2018-03-16 11:33:00','ry','2018-03-16 11:33:00','åœç”¨çŠ¶æ€'),(8,1,'æ­£å¸¸','0','sys_job_status','','primary','Y','0','admin','2018-03-16 11:33:00','ry','2018-03-16 11:33:00','æ­£å¸¸çŠ¶æ€'),(9,2,'æš‚åœ','1','sys_job_status','','danger','N','0','admin','2018-03-16 11:33:00','ry','2018-03-16 11:33:00','åœç”¨çŠ¶æ€'),(10,1,'é»˜è®¤','DEFAULT','sys_job_group','','','Y','0','admin','2018-03-16 11:33:00','ry','2018-03-16 11:33:00','é»˜è®¤åˆ†ç»„'),(11,2,'ç³»ç»Ÿ','SYSTEM','sys_job_group','','','N','0','admin','2018-03-16 11:33:00','ry','2018-03-16 11:33:00','ç³»ç»Ÿåˆ†ç»„'),(12,1,'æ˜¯','Y','sys_yes_no','','primary','Y','0','admin','2018-03-16 11:33:00','ry','2018-03-16 11:33:00','ç³»ç»Ÿé»˜è®¤æ˜¯'),(13,2,'å¦','N','sys_yes_no','','danger','N','0','admin','2018-03-16 11:33:00','ry','2018-03-16 11:33:00','ç³»ç»Ÿé»˜è®¤å¦'),(14,1,'é€šçŸ¥','1','sys_notice_type','','warning','Y','0','admin','2018-03-16 11:33:00','ry','2018-03-16 11:33:00','é€šçŸ¥'),(15,2,'å…¬å‘Š','2','sys_notice_type','','success','N','0','admin','2018-03-16 11:33:00','ry','2018-03-16 11:33:00','å…¬å‘Š'),(16,1,'æ­£å¸¸','0','sys_notice_status','','primary','Y','0','admin','2018-03-16 11:33:00','ry','2018-03-16 11:33:00','æ­£å¸¸çŠ¶æ€'),(17,2,'å…³é—­','1','sys_notice_status','','danger','N','0','admin','2018-03-16 11:33:00','ry','2018-03-16 11:33:00','å…³é—­çŠ¶æ€'),(18,1,'æ–°å¢','1','sys_oper_type','','info','N','0','admin','2018-03-16 11:33:00','ry','2018-03-16 11:33:00','æ–°å¢æ“ä½œ'),(19,2,'ä¿®æ”¹','2','sys_oper_type','','info','N','0','admin','2018-03-16 11:33:00','ry','2018-03-16 11:33:00','ä¿®æ”¹æ“ä½œ'),(20,3,'åˆ é™¤','3','sys_oper_type','','danger','N','0','admin','2018-03-16 11:33:00','ry','2018-03-16 11:33:00','åˆ é™¤æ“ä½œ'),(21,4,'æˆæƒ','4','sys_oper_type','','primary','N','0','admin','2018-03-16 11:33:00','ry','2018-03-16 11:33:00','æˆæƒæ“ä½œ'),(22,5,'å¯¼å‡º','5','sys_oper_type','','warning','N','0','admin','2018-03-16 11:33:00','ry','2018-03-16 11:33:00','å¯¼å‡ºæ“ä½œ'),(23,6,'å¯¼å…¥','6','sys_oper_type','','warning','N','0','admin','2018-03-16 11:33:00','ry','2018-03-16 11:33:00','å¯¼å…¥æ“ä½œ'),(24,7,'å¼ºé€€','7','sys_oper_type','','danger','N','0','admin','2018-03-16 11:33:00','ry','2018-03-16 11:33:00','å¼ºé€€æ“ä½œ'),(25,8,'ç”Ÿæˆä»£ç ','8','sys_oper_type','','warning','N','0','admin','2018-03-16 11:33:00','ry','2018-03-16 11:33:00','ç”Ÿæˆæ“ä½œ'),(26,9,'æ¸…ç©ºæ•°æ®','9','sys_oper_type','','danger','N','0','admin','2018-03-16 11:33:00','ry','2018-03-16 11:33:00','æ¸…ç©ºæ“ä½œ'),(27,1,'æˆåŠŸ','0','sys_common_status','','primary','N','0','admin','2018-03-16 11:33:00','ry','2018-03-16 11:33:00','æ­£å¸¸çŠ¶æ€'),(28,2,'å¤±è´¥','1','sys_common_status','','danger','N','0','admin','2018-03-16 11:33:00','ry','2018-03-16 11:33:00','åœç”¨çŠ¶æ€'),(29,1,'æ±‰æ—','na_1','nationa_type',NULL,NULL,'Y','0','',NULL,'',NULL,'æ°‘æ—æ±‰'),(30,2,'å›æ—','na_2','nationa_type',NULL,NULL,'N','0','',NULL,'',NULL,'æ°‘æ—å›');
/*!40000 ALTER TABLE `sys_dict_data` ENABLE KEYS */;
UNLOCK TABLES;

--
-- Table structure for table `sys_dict_type`
--

DROP TABLE IF EXISTS `sys_dict_type`;
/*!40101 SET @saved_cs_client     = @@character_set_client */;
/*!40101 SET character_set_client = utf8 */;
CREATE TABLE `sys_dict_type` (
  `dict_id` bigint(20) NOT NULL AUTO_INCREMENT COMMENT 'å­—å…¸ä¸»é”®',
  `dict_name` varchar(100) DEFAULT '' COMMENT 'å­—å…¸åç§°',
  `dict_type` varchar(100) DEFAULT '' COMMENT 'å­—å…¸ç±»å‹',
  `status` char(1) DEFAULT '0' COMMENT 'çŠ¶æ€ï¼ˆ0æ­£å¸¸ 1åœç”¨ï¼‰',
  `create_by` varchar(64) DEFAULT '' COMMENT 'åˆ›å»ºè€…',
  `create_time` datetime DEFAULT NULL COMMENT 'åˆ›å»ºæ—¶é—´',
  `update_by` varchar(64) DEFAULT '' COMMENT 'æ›´æ–°è€…',
  `update_time` datetime DEFAULT NULL COMMENT 'æ›´æ–°æ—¶é—´',
  `remark` varchar(500) DEFAULT NULL COMMENT 'å¤‡æ³¨',
  PRIMARY KEY (`dict_id`),
  UNIQUE KEY `dict_type` (`dict_type`)
) ENGINE=InnoDB AUTO_INCREMENT=12 DEFAULT CHARSET=utf8 COMMENT='å­—å…¸ç±»å‹è¡¨';
/*!40101 SET character_set_client = @saved_cs_client */;

--
-- Dumping data for table `sys_dict_type`
--

LOCK TABLES `sys_dict_type` WRITE;
/*!40000 ALTER TABLE `sys_dict_type` DISABLE KEYS */;
INSERT INTO `sys_dict_type` VALUES (1,'ç”¨æˆ·æ€§åˆ«','sys_user_sex','0','admin','2018-03-16 11:33:00','ry','2018-03-16 11:33:00','ç”¨æˆ·æ€§åˆ«åˆ—è¡¨'),(2,'èœå•çŠ¶æ€','sys_show_hide','0','admin','2018-03-16 11:33:00','ry','2018-03-16 11:33:00','èœå•çŠ¶æ€åˆ—è¡¨'),(3,'ç³»ç»Ÿå¼€å…³','sys_normal_disable','0','admin','2018-03-16 11:33:00','ry','2018-03-16 11:33:00','ç³»ç»Ÿå¼€å…³åˆ—è¡¨'),(4,'ä»»åŠ¡çŠ¶æ€','sys_job_status','0','admin','2018-03-16 11:33:00','ry','2018-03-16 11:33:00','ä»»åŠ¡çŠ¶æ€åˆ—è¡¨'),(5,'ä»»åŠ¡åˆ†ç»„','sys_job_group','0','admin','2018-03-16 11:33:00','ry','2018-03-16 11:33:00','ä»»åŠ¡åˆ†ç»„åˆ—è¡¨'),(6,'ç³»ç»Ÿæ˜¯å¦','sys_yes_no','0','admin','2018-03-16 11:33:00','ry','2018-03-16 11:33:00','ç³»ç»Ÿæ˜¯å¦åˆ—è¡¨'),(7,'é€šçŸ¥ç±»å‹','sys_notice_type','0','admin','2018-03-16 11:33:00','ry','2018-03-16 11:33:00','é€šçŸ¥ç±»å‹åˆ—è¡¨'),(8,'é€šçŸ¥çŠ¶æ€','sys_notice_status','0','admin','2018-03-16 11:33:00','ry','2018-03-16 11:33:00','é€šçŸ¥çŠ¶æ€åˆ—è¡¨'),(9,'æ“ä½œç±»å‹','sys_oper_type','0','admin','2018-03-16 11:33:00','ry','2018-03-16 11:33:00','æ“ä½œç±»å‹åˆ—è¡¨'),(10,'ç³»ç»ŸçŠ¶æ€','sys_common_status','0','admin','2018-03-16 11:33:00','ry','2018-03-16 11:33:00','ç™»å½•çŠ¶æ€åˆ—è¡¨'),(11,'æ°‘æ—é€‰é¡¹','nationa_type','0','admin','2020-04-11 22:53:59','',NULL,'æ°‘æ—ç±»å‹ä¸‹æ‹‰é€‰é¡¹');
/*!40000 ALTER TABLE `sys_dict_type` ENABLE KEYS */;
UNLOCK TABLES;

--
-- Table structure for table `sys_job`
--

DROP TABLE IF EXISTS `sys_job`;
/*!40101 SET @saved_cs_client     = @@character_set_client */;
/*!40101 SET character_set_client = utf8 */;
CREATE TABLE `sys_job` (
  `job_id` bigint(20) NOT NULL AUTO_INCREMENT COMMENT 'ä»»åŠ¡ID',
  `job_name` varchar(64) NOT NULL DEFAULT '' COMMENT 'ä»»åŠ¡åç§°',
  `job_group` varchar(64) NOT NULL DEFAULT 'DEFAULT' COMMENT 'ä»»åŠ¡ç»„å',
  `invoke_target` varchar(500) NOT NULL COMMENT 'è°ƒç”¨ç›®æ ‡å­—ç¬¦ä¸²',
  `cron_expression` varchar(255) DEFAULT '' COMMENT 'cronæ‰§è¡Œè¡¨è¾¾å¼',
  `misfire_policy` varchar(20) DEFAULT '3' COMMENT 'è®¡åˆ’æ‰§è¡Œé”™è¯¯ç­–ç•¥ï¼ˆ1ç«‹å³æ‰§è¡Œ 2æ‰§è¡Œä¸€æ¬¡ 3æ”¾å¼ƒæ‰§è¡Œï¼‰',
  `concurrent` char(1) DEFAULT '1' COMMENT 'æ˜¯å¦å¹¶å‘æ‰§è¡Œï¼ˆ0å…è®¸ 1ç¦æ­¢ï¼‰',
  `status` char(1) DEFAULT '0' COMMENT 'çŠ¶æ€ï¼ˆ0æ­£å¸¸ 1æš‚åœï¼‰',
  `create_by` varchar(64) DEFAULT '' COMMENT 'åˆ›å»ºè€…',
  `create_time` datetime DEFAULT NULL COMMENT 'åˆ›å»ºæ—¶é—´',
  `update_by` varchar(64) DEFAULT '' COMMENT 'æ›´æ–°è€…',
  `update_time` datetime DEFAULT NULL COMMENT 'æ›´æ–°æ—¶é—´',
  `remark` varchar(500) DEFAULT '' COMMENT 'å¤‡æ³¨ä¿¡æ¯',
  PRIMARY KEY (`job_id`,`job_name`,`job_group`)
) ENGINE=InnoDB AUTO_INCREMENT=4 DEFAULT CHARSET=utf8 COMMENT='å®šæ—¶ä»»åŠ¡è°ƒåº¦è¡¨';
/*!40101 SET character_set_client = @saved_cs_client */;

--
-- Dumping data for table `sys_job`
--

LOCK TABLES `sys_job` WRITE;
/*!40000 ALTER TABLE `sys_job` DISABLE KEYS */;
INSERT INTO `sys_job` VALUES (1,'ç³»ç»Ÿé»˜è®¤ï¼ˆæ— å‚ï¼‰','DEFAULT','ryTask.ryNoParams','0/10 * * * * ?','3','1','1','admin','2018-03-16 11:33:00','ry','2018-03-16 11:33:00',''),(2,'ç³»ç»Ÿé»˜è®¤ï¼ˆæœ‰å‚ï¼‰','DEFAULT','ryTask.ryParams(\'ry\')','0/15 * * * * ?','3','1','1','admin','2018-03-16 11:33:00','ry','2018-03-16 11:33:00',''),(3,'ç³»ç»Ÿé»˜è®¤ï¼ˆå¤šå‚ï¼‰','DEFAULT','ryTask.ryMultipleParams(\'ry\', true, 2000L, 316.50D, 100)','0/20 * * * * ?','3','1','1','admin','2018-03-16 11:33:00','ry','2018-03-16 11:33:00','');
/*!40000 ALTER TABLE `sys_job` ENABLE KEYS */;
UNLOCK TABLES;

--
-- Table structure for table `sys_job_log`
--

DROP TABLE IF EXISTS `sys_job_log`;
/*!40101 SET @saved_cs_client     = @@character_set_client */;
/*!40101 SET character_set_client = utf8 */;
CREATE TABLE `sys_job_log` (
  `job_log_id` bigint(20) NOT NULL AUTO_INCREMENT COMMENT 'ä»»åŠ¡æ—¥å¿—ID',
  `job_name` varchar(64) NOT NULL COMMENT 'ä»»åŠ¡åç§°',
  `job_group` varchar(64) NOT NULL COMMENT 'ä»»åŠ¡ç»„å',
  `invoke_target` varchar(500) NOT NULL COMMENT 'è°ƒç”¨ç›®æ ‡å­—ç¬¦ä¸²',
  `job_message` varchar(500) DEFAULT NULL COMMENT 'æ—¥å¿—ä¿¡æ¯',
  `status` char(1) DEFAULT '0' COMMENT 'æ‰§è¡ŒçŠ¶æ€ï¼ˆ0æ­£å¸¸ 1å¤±è´¥ï¼‰',
  `exception_info` varchar(2000) DEFAULT '' COMMENT 'å¼‚å¸¸ä¿¡æ¯',
  `create_time` datetime DEFAULT NULL COMMENT 'åˆ›å»ºæ—¶é—´',
  PRIMARY KEY (`job_log_id`)
) ENGINE=InnoDB DEFAULT CHARSET=utf8 COMMENT='å®šæ—¶ä»»åŠ¡è°ƒåº¦æ—¥å¿—è¡¨';
/*!40101 SET character_set_client = @saved_cs_client */;

--
-- Dumping data for table `sys_job_log`
--

LOCK TABLES `sys_job_log` WRITE;
/*!40000 ALTER TABLE `sys_job_log` DISABLE KEYS */;
/*!40000 ALTER TABLE `sys_job_log` ENABLE KEYS */;
UNLOCK TABLES;

--
-- Table structure for table `sys_logininfor`
--

DROP TABLE IF EXISTS `sys_logininfor`;
/*!40101 SET @saved_cs_client     = @@character_set_client */;
/*!40101 SET character_set_client = utf8 */;
CREATE TABLE `sys_logininfor` (
  `id` bigint(255) NOT NULL AUTO_INCREMENT COMMENT 'è®¿é—®ID',
  `account` varchar(30) NOT NULL COMMENT 'ç”¨æˆ·ç™»å½•ä½¿ç”¨çš„è´¦æˆ·',
  `ipaddr` varchar(50) DEFAULT '' COMMENT 'ç™»å½•IPåœ°å€',
  `login_location` varchar(255) DEFAULT '' COMMENT 'ç™»å½•åœ°ç‚¹',
  `browser` varchar(50) DEFAULT '' COMMENT 'æµè§ˆå™¨ç±»å‹',
  `os` varchar(50) DEFAULT '' COMMENT 'æ“ä½œç³»ç»Ÿ',
  `status` char(1) DEFAULT '0' COMMENT 'ç™»å½•çŠ¶æ€ï¼ˆ0æˆåŠŸ 1å¤±è´¥ï¼‰',
  `msg` varchar(255) DEFAULT '' COMMENT 'æç¤ºæ¶ˆæ¯',
  `login_time` datetime DEFAULT NULL COMMENT 'è®¿é—®æ—¶é—´',
  PRIMARY KEY (`id`)
) ENGINE=InnoDB AUTO_INCREMENT=257 DEFAULT CHARSET=utf8 COMMENT='ç³»ç»Ÿè®¿é—®è®°å½•';
/*!40101 SET character_set_client = @saved_cs_client */;

--
-- Dumping data for table `sys_logininfor`
--

LOCK TABLES `sys_logininfor` WRITE;
/*!40000 ALTER TABLE `sys_logininfor` DISABLE KEYS */;
INSERT INTO `sys_logininfor` VALUES (103,'admin','127.0.0.1','å†…ç½‘IP','Chrome','Windows 10','1','éªŒè¯ç å·²å¤±æ•ˆ','2020-04-01 19:38:24'),(104,'admin','127.0.0.1','å†…ç½‘IP','Chrome','Windows 10','1','No message found under code \'user.logincertificate.not.match\' for locale \'zh_CN\'.','2020-04-01 19:38:38'),(105,'admin','127.0.0.1','å†…ç½‘IP','Chrome','Windows 10','1','éªŒè¯ç é”™è¯¯','2020-04-01 19:39:08'),(106,'admin','127.0.0.1','å†…ç½‘IP','Chrome','Windows 10','1','No message found under code \'user.logincertificate.not.match\' for locale \'zh_CN\'.','2020-04-01 19:39:15'),(107,'admin','127.0.0.1','å†…ç½‘IP','Chrome','Windows 10','1','éªŒè¯ç å·²å¤±æ•ˆ','2020-04-01 19:41:34'),(108,'admin','127.0.0.1','å†…ç½‘IP','Chrome','Windows 10','1','æ ¡éªŒç”¨æˆ·å‡­è¯å‡ºç°é—®é¢˜ï¼Œè¯·è”ç³»ç®¡ç†å‘˜','2020-04-01 19:41:39'),(109,'admin','127.0.0.1','å†…ç½‘IP','Chrome','Windows 10','1','æ ¡éªŒç”¨æˆ·å‡­è¯å‡ºç°é—®é¢˜ï¼Œè¯·è”ç³»ç®¡ç†å‘˜','2020-04-01 19:42:13'),(110,'admin','127.0.0.1','å†…ç½‘IP','Chrome','Windows 10','1','æ ¡éªŒç”¨æˆ·å‡­è¯å‡ºç°é—®é¢˜ï¼Œè¯·è”ç³»ç®¡ç†å‘˜','2020-04-01 19:45:36'),(111,'admin','127.0.0.1','å†…ç½‘IP','Chrome','Windows 10','0','ç™»å½•æˆåŠŸ','2020-04-01 19:53:27'),(112,'admin','127.0.0.1','å†…ç½‘IP','Chrome','Windows 10','1','éªŒè¯ç å·²å¤±æ•ˆ','2020-04-01 20:01:35'),(113,'admin','127.0.0.1','å†…ç½‘IP','Chrome','Windows 10','1','éªŒè¯ç å·²å¤±æ•ˆ','2020-04-01 20:04:31'),(114,'admin','127.0.0.1','å†…ç½‘IP','Chrome','Windows 10','0','ç™»å½•æˆåŠŸ','2020-04-01 20:04:38'),(115,'admin','127.0.0.1','å†…ç½‘IP','Chrome','Windows 10','0','ç™»å½•æˆåŠŸ','2020-04-01 20:05:26'),(116,'admin','127.0.0.1','å†…ç½‘IP','Chrome','Windows 10','0','ç™»å½•æˆåŠŸ','2020-04-01 20:09:05'),(117,'admin','127.0.0.1','å†…ç½‘IP','Chrome','Windows 10','0','ç™»å½•æˆåŠŸ','2020-04-01 20:25:26'),(118,'admin','127.0.0.1','å†…ç½‘IP','Chrome','Windows 10','0','ç™»å½•æˆåŠŸ','2020-04-01 20:29:45'),(119,'admin','127.0.0.1','å†…ç½‘IP','Chrome','Windows 10','0','ç™»å½•æˆåŠŸ','2020-04-01 20:32:26'),(120,'admin','127.0.0.1','å†…ç½‘IP','Chrome','Windows 10','0','ç™»å½•æˆåŠŸ','2020-04-01 20:38:43'),(121,'admin','127.0.0.1','å†…ç½‘IP','Chrome','Windows 10','0','ç™»å½•æˆåŠŸ','2020-04-02 20:38:05'),(122,'admin','127.0.0.1','å†…ç½‘IP','Chrome','Windows 10','0','ç™»å½•æˆåŠŸ','2020-04-02 20:38:50'),(123,'admin','127.0.0.1','å†…ç½‘IP','Chrome','Windows 10','0','ç™»å½•æˆåŠŸ','2020-04-02 20:41:12'),(124,'admin','127.0.0.1','å†…ç½‘IP','Chrome','Windows 10','0','ç™»å½•æˆåŠŸ','2020-04-02 20:53:13'),(125,'admin','127.0.0.1','å†…ç½‘IP','Chrome','Windows 10','0','ç™»å½•æˆåŠŸ','2020-04-02 20:55:18'),(126,'admin','127.0.0.1','å†…ç½‘IP','Chrome','Windows 10','0','ç™»å½•æˆåŠŸ','2020-04-02 20:56:02'),(127,'admin','127.0.0.1','å†…ç½‘IP','Chrome','Windows 10','0','ç™»å½•æˆåŠŸ','2020-04-02 21:09:51'),(128,'admin','127.0.0.1','å†…ç½‘IP','Chrome','Windows 10','0','ç™»å½•æˆåŠŸ','2020-04-02 21:41:10'),(129,'admin','127.0.0.1','å†…ç½‘IP','Chrome','Windows 10','0','ç™»å½•æˆåŠŸ','2020-04-02 21:42:12'),(130,'admin','127.0.0.1','å†…ç½‘IP','Chrome','Windows 10','0','ç™»å½•æˆåŠŸ','2020-04-02 21:44:53'),(131,'admin','127.0.0.1','å†…ç½‘IP','Chrome','Windows 10','0','ç™»å½•æˆåŠŸ','2020-04-02 21:45:43'),(132,'admin','127.0.0.1','å†…ç½‘IP','Chrome','Windows 10','0','ç™»å½•æˆåŠŸ','2020-04-02 21:45:57'),(133,'admin','127.0.0.1','å†…ç½‘IP','Chrome','Windows 10','0','ç™»å½•æˆåŠŸ','2020-04-04 13:24:34'),(134,'admin','127.0.0.1','å†…ç½‘IP','Chrome','Windows 10','0','ç™»å½•æˆåŠŸ','2020-04-04 13:24:47'),(135,'admin','127.0.0.1','å†…ç½‘IP','Chrome','Windows 10','0','ç™»å½•æˆåŠŸ','2020-04-04 13:29:47'),(136,'admin','127.0.0.1','å†…ç½‘IP','Chrome','Windows 10','0','ç™»å½•æˆåŠŸ','2020-04-04 13:45:15'),(137,'admin','127.0.0.1','å†…ç½‘IP','Chrome','Windows 10','0','ç™»å½•æˆåŠŸ','2020-04-04 13:45:44'),(138,'admin','127.0.0.1','å†…ç½‘IP','Chrome','Windows 10','0','é€€å‡ºæˆåŠŸ','2020-04-04 14:01:32'),(139,'admin','127.0.0.1','å†…ç½‘IP','Chrome','Windows 10','0','ç™»å½•æˆåŠŸ','2020-04-04 14:01:46'),(140,'admin','127.0.0.1','å†…ç½‘IP','Chrome','Windows 10','0','é€€å‡ºæˆåŠŸ','2020-04-04 14:03:02'),(141,'admin','127.0.0.1','å†…ç½‘IP','Chrome','Windows 10','0','ç™»å½•æˆåŠŸ','2020-04-04 14:03:15'),(142,'admin','127.0.0.1','å†…ç½‘IP','Chrome','Windows 10','0','é€€å‡ºæˆåŠŸ','2020-04-04 14:10:44'),(143,'admin','127.0.0.1','å†…ç½‘IP','Chrome','Windows 10','0','ç™»å½•æˆåŠŸ','2020-04-04 14:10:58'),(144,'admin','127.0.0.1','å†…ç½‘IP','Chrome','Windows 10','0','ç™»å½•æˆåŠŸ','2020-04-04 14:42:42'),(145,'admin','127.0.0.1','å†…ç½‘IP','Chrome','Windows 10','0','ç™»å½•æˆåŠŸ','2020-04-04 14:43:25'),(146,'admin','127.0.0.1','å†…ç½‘IP','Chrome','Windows 10','0','é€€å‡ºæˆåŠŸ','2020-04-04 14:55:44'),(147,'admin','127.0.0.1','å†…ç½‘IP','Chrome','Windows 10','0','ç™»å½•æˆåŠŸ','2020-04-04 14:55:55'),(148,'admin','127.0.0.1','å†…ç½‘IP','Chrome','Windows 10','0','ç™»å½•æˆåŠŸ','2020-04-04 15:21:32'),(149,'admin','127.0.0.1','å†…ç½‘IP','Chrome','Windows 10','0','ç™»å½•æˆåŠŸ','2020-04-04 15:22:14'),(150,'admin','127.0.0.1','å†…ç½‘IP','Chrome','Windows 10','0','é€€å‡ºæˆåŠŸ','2020-04-04 15:40:27'),(151,'admin','127.0.0.1','å†…ç½‘IP','Chrome','Windows 10','0','ç™»å½•æˆåŠŸ','2020-04-04 15:40:40'),(152,'admin','127.0.0.1','å†…ç½‘IP','Chrome','Windows 10','0','ç™»å½•æˆåŠŸ','2020-04-04 16:04:14'),(153,'admin','127.0.0.1','å†…ç½‘IP','Chrome','Windows 10','0','ç™»å½•æˆåŠŸ','2020-04-04 16:04:54'),(154,'admin','127.0.0.1','å†…ç½‘IP','Chrome','Windows 10','0','é€€å‡ºæˆåŠŸ','2020-04-04 16:06:53'),(155,'admin','127.0.0.1','å†…ç½‘IP','Chrome','Windows 10','0','ç™»å½•æˆåŠŸ','2020-04-04 16:07:06'),(156,'admin','127.0.0.1','å†…ç½‘IP','Chrome','Windows 10','0','é€€å‡ºæˆåŠŸ','2020-04-04 16:36:32'),(157,'admin','127.0.0.1','å†…ç½‘IP','Chrome','Windows 10','0','ç™»å½•æˆåŠŸ','2020-04-04 16:36:55'),(158,'admin','127.0.0.1','å†…ç½‘IP','Chrome','Windows 10','0','é€€å‡ºæˆåŠŸ','2020-04-04 16:40:39'),(159,'admin','127.0.0.1','å†…ç½‘IP','Chrome','Windows 10','0','ç™»å½•æˆåŠŸ','2020-04-04 16:40:58'),(160,'admin','127.0.0.1','å†…ç½‘IP','Chrome','Windows 10','0','é€€å‡ºæˆåŠŸ','2020-04-04 16:41:48'),(161,'admin','127.0.0.1','å†…ç½‘IP','Chrome','Windows 10','0','ç™»å½•æˆåŠŸ','2020-04-04 16:41:59'),(162,'admin','127.0.0.1','å†…ç½‘IP','Chrome','Windows 10','0','é€€å‡ºæˆåŠŸ','2020-04-04 16:51:00'),(163,'admin','127.0.0.1','å†…ç½‘IP','Chrome','Windows 10','0','ç™»å½•æˆåŠŸ','2020-04-04 16:51:23'),(164,'admin','127.0.0.1','å†…ç½‘IP','Chrome','Windows 10','0','é€€å‡ºæˆåŠŸ','2020-04-04 16:53:28'),(165,'admin','127.0.0.1','å†…ç½‘IP','Chrome','Windows 10','0','ç™»å½•æˆåŠŸ','2020-04-04 16:53:43'),(166,'admin','127.0.0.1','å†…ç½‘IP','Chrome','Windows 10','0','ç™»å½•æˆåŠŸ','2020-04-04 17:19:07'),(167,'admin','127.0.0.1','å†…ç½‘IP','Chrome','Windows 10','0','é€€å‡ºæˆåŠŸ','2020-04-04 17:23:14'),(168,'admin','127.0.0.1','å†…ç½‘IP','Chrome','Windows 10','0','ç™»å½•æˆåŠŸ','2020-04-04 17:23:23'),(169,'admin','127.0.0.1','å†…ç½‘IP','Chrome','Windows 10','0','é€€å‡ºæˆåŠŸ','2020-04-04 17:24:54'),(170,'admin','127.0.0.1','å†…ç½‘IP','Chrome','Windows 10','0','ç™»å½•æˆåŠŸ','2020-04-04 17:25:05'),(171,'admin','127.0.0.1','å†…ç½‘IP','Chrome','Windows 10','0','é€€å‡ºæˆåŠŸ','2020-04-04 18:35:22'),(172,'admin','127.0.0.1','å†…ç½‘IP','Chrome','Windows 10','0','ç™»å½•æˆåŠŸ','2020-04-04 18:35:37'),(173,'admin','127.0.0.1','å†…ç½‘IP','Chrome','Windows 10','0','é€€å‡ºæˆåŠŸ','2020-04-04 18:38:45'),(174,'admin','127.0.0.1','å†…ç½‘IP','Chrome','Windows 10','0','ç™»å½•æˆåŠŸ','2020-04-04 18:39:08'),(175,'admin','127.0.0.1','å†…ç½‘IP','Chrome','Windows 10','0','ç™»å½•æˆåŠŸ','2020-04-04 18:45:17'),(176,'admin','127.0.0.1','å†…ç½‘IP','Chrome','Windows 10','0','é€€å‡ºæˆåŠŸ','2020-04-04 19:05:37'),(177,'admin','127.0.0.1','å†…ç½‘IP','Chrome','Windows 10','0','ç™»å½•æˆåŠŸ','2020-04-04 19:05:50'),(178,'admin','127.0.0.1','å†…ç½‘IP','Chrome','Windows 10','0','é€€å‡ºæˆåŠŸ','2020-04-04 19:32:14'),(179,'admin','127.0.0.1','å†…ç½‘IP','Chrome','Windows 10','0','ç™»å½•æˆåŠŸ','2020-04-04 19:32:26'),(180,'admin','127.0.0.1','å†…ç½‘IP','Chrome','Windows 10','0','é€€å‡ºæˆåŠŸ','2020-04-04 19:33:48'),(181,'admin','127.0.0.1','å†…ç½‘IP','Chrome','Windows 10','0','ç™»å½•æˆåŠŸ','2020-04-04 19:33:59'),(182,'admin','127.0.0.1','å†…ç½‘IP','Chrome','Windows 10','0','é€€å‡ºæˆåŠŸ','2020-04-04 19:35:05'),(183,'admin','127.0.0.1','å†…ç½‘IP','Chrome','Windows 10','0','ç™»å½•æˆåŠŸ','2020-04-04 19:35:15'),(184,'admin','127.0.0.1','å†…ç½‘IP','Chrome','Windows 10','0','é€€å‡ºæˆåŠŸ','2020-04-04 19:43:16'),(185,'admin','127.0.0.1','å†…ç½‘IP','Chrome','Windows 10','0','ç™»å½•æˆåŠŸ','2020-04-04 19:43:27'),(186,'admin','127.0.0.1','å†…ç½‘IP','Chrome','Windows 10','0','ç™»å½•æˆåŠŸ','2020-04-04 19:44:15'),(187,'admin','127.0.0.1','å†…ç½‘IP','Chrome','Windows 10','0','é€€å‡ºæˆåŠŸ','2020-04-04 19:56:51'),(188,'admin','127.0.0.1','å†…ç½‘IP','Chrome','Windows 10','0','ç™»å½•æˆåŠŸ','2020-04-04 19:57:03'),(189,'admin','127.0.0.1','å†…ç½‘IP','Chrome','Windows 10','0','é€€å‡ºæˆåŠŸ','2020-04-04 21:08:46'),(190,'admin','127.0.0.1','å†…ç½‘IP','Chrome','Windows 10','0','ç™»å½•æˆåŠŸ','2020-04-04 21:09:00'),(191,'admin','127.0.0.1','å†…ç½‘IP','Chrome','Windows 10','0','ç™»å½•æˆåŠŸ','2020-04-04 21:52:50'),(192,'admin','127.0.0.1','å†…ç½‘IP','Chrome','Windows 10','0','ç™»å½•æˆåŠŸ','2020-04-04 23:05:02'),(193,'admin','127.0.0.1','å†…ç½‘IP','Chrome','Windows 10','0','ç™»å½•æˆåŠŸ','2020-04-05 12:15:24'),(194,'admin','127.0.0.1','å†…ç½‘IP','Chrome','Windows 10','0','é€€å‡ºæˆåŠŸ','2020-04-05 13:25:58'),(195,'admin','127.0.0.1','å†…ç½‘IP','Chrome','Windows 10','0','ç™»å½•æˆåŠŸ','2020-04-05 13:26:12'),(196,'admin','127.0.0.1','å†…ç½‘IP','Chrome','Windows 10','0','ç™»å½•æˆåŠŸ','2020-04-06 20:55:00'),(197,'admin','127.0.0.1','å†…ç½‘IP','Chrome 8','Windows 10','1','éªŒè¯ç é”™è¯¯','2020-04-11 15:31:09'),(198,'admin','127.0.0.1','å†…ç½‘IP','Chrome 8','Windows 10','1','ç”¨æˆ·ä¸å­˜åœ¨/å¯†ç é”™è¯¯','2020-04-11 15:32:17'),(199,'admin','127.0.0.1','å†…ç½‘IP','Chrome 8','Windows 10','1','ç”¨æˆ·ä¸å­˜åœ¨/å¯†ç é”™è¯¯','2020-04-11 15:32:55'),(200,'admin','127.0.0.1','å†…ç½‘IP','Chrome 8','Windows 10','1','ç”¨æˆ·ä¸å­˜åœ¨/å¯†ç é”™è¯¯','2020-04-11 15:33:04'),(201,'admin','127.0.0.1','å†…ç½‘IP','Chrome 8','Windows 10','1','ç”¨æˆ·ä¸å­˜åœ¨/å¯†ç é”™è¯¯','2020-04-11 15:33:21'),(202,'admin','127.0.0.1','å†…ç½‘IP','Chrome 8','Windows 10','1','éªŒè¯ç å·²å¤±æ•ˆ','2020-04-11 15:36:42'),(203,'admin','127.0.0.1','å†…ç½‘IP','Chrome 8','Windows 10','0','ç™»å½•æˆåŠŸ','2020-04-11 15:36:49'),(204,'admin','127.0.0.1','å†…ç½‘IP','Chrome 8','Windows 10','0','é€€å‡ºæˆåŠŸ','2020-04-11 15:40:29'),(205,'admin','127.0.0.1','å†…ç½‘IP','Chrome 8','Windows 10','0','ç™»å½•æˆåŠŸ','2020-04-11 15:41:19'),(206,'admin','127.0.0.1','å†…ç½‘IP','Chrome 8','Windows 10','0','ç™»å½•æˆåŠŸ','2020-04-11 18:06:49'),(207,'admin','127.0.0.1','å†…ç½‘IP','Chrome 8','Windows 10','0','ç™»å½•æˆåŠŸ','2020-04-11 20:08:14'),(208,'admin','127.0.0.1','å†…ç½‘IP','Chrome 8','Windows 10','0','ç™»å½•æˆåŠŸ','2020-04-11 21:16:38'),(209,'admin','127.0.0.1','å†…ç½‘IP','Chrome 8','Windows 10','0','é€€å‡ºæˆåŠŸ','2020-04-11 21:22:31'),(210,'admin','127.0.0.1','å†…ç½‘IP','Chrome 8','Windows 10','0','ç™»å½•æˆåŠŸ','2020-04-11 21:22:43'),(211,'admin','127.0.0.1','å†…ç½‘IP','Chrome 8','Windows 10','0','é€€å‡ºæˆåŠŸ','2020-04-11 21:22:59'),(212,'admin','127.0.0.1','å†…ç½‘IP','Chrome 8','Windows 10','0','ç™»å½•æˆåŠŸ','2020-04-11 21:23:53'),(213,'admin','127.0.0.1','å†…ç½‘IP','Chrome 8','Windows 10','0','é€€å‡ºæˆåŠŸ','2020-04-11 21:27:10'),(214,'admin','127.0.0.1','å†…ç½‘IP','Chrome 8','Windows 10','0','ç™»å½•æˆåŠŸ','2020-04-11 21:27:40'),(215,'admin','127.0.0.1','å†…ç½‘IP','Chrome 8','Windows 10','0','ç™»å½•æˆåŠŸ','2020-04-11 21:57:02'),(216,'admin','127.0.0.1','å†…ç½‘IP','Chrome 8','Windows 10','0','ç™»å½•æˆåŠŸ','2020-04-11 21:58:44'),(217,'admin','127.0.0.1','å†…ç½‘IP','Chrome 8','Windows 10','0','ç™»å½•æˆåŠŸ','2020-04-11 22:29:53'),(218,'admin','127.0.0.1','å†…ç½‘IP','Chrome 8','Windows 10','0','ç™»å½•æˆåŠŸ','2020-04-11 23:56:15'),(219,'admin','127.0.0.1','å†…ç½‘IP','Downloading Tool','Unknown','1','éªŒè¯ç å·²å¤±æ•ˆ','2020-04-12 23:11:06'),(220,'admin','127.0.0.1','å†…ç½‘IP','Downloading Tool','Unknown','1','éªŒè¯ç å·²å¤±æ•ˆ','2020-04-12 23:11:17'),(221,'admin','127.0.0.1','å†…ç½‘IP','Downloading Tool','Unknown','0','ç™»å½•æˆåŠŸ','2020-04-12 23:14:52'),(222,'admin','127.0.0.1','å†…ç½‘IP','Chrome 8','Windows 10','1','éªŒè¯ç å·²å¤±æ•ˆ','2020-04-13 00:05:40'),(223,'admin','127.0.0.1','å†…ç½‘IP','Chrome 8','Windows 10','0','ç™»å½•æˆåŠŸ','2020-04-13 00:37:25'),(224,'admin','127.0.0.1','å†…ç½‘IP','Chrome 8','Windows 10','0','ç™»å½•æˆåŠŸ','2020-04-14 12:13:44'),(225,'admin','127.0.0.1','å†…ç½‘IP','Chrome 8','Windows 10','0','ç™»å½•æˆåŠŸ','2020-04-20 19:31:51'),(226,'admin','127.0.0.1','å†…ç½‘IP','Chrome 8','Windows 10','1','éªŒè¯ç é”™è¯¯','2020-04-20 19:43:41'),(227,'admin','127.0.0.1','å†…ç½‘IP','Chrome 8','Windows 10','0','ç™»å½•æˆåŠŸ','2020-04-20 19:43:48'),(228,'admin','127.0.0.1','å†…ç½‘IP','Chrome 8','Windows 10','0','é€€å‡ºæˆåŠŸ','2020-04-20 19:45:50'),(229,'admin','127.0.0.1','å†…ç½‘IP','Chrome 8','Windows 10','0','ç™»å½•æˆåŠŸ','2020-04-20 19:46:03'),(230,'admin','127.0.0.1','å†…ç½‘IP','Chrome 8','Windows 10','1','éªŒè¯ç é”™è¯¯','2020-04-20 20:37:49'),(231,'admin','127.0.0.1','å†…ç½‘IP','Chrome 8','Windows 10','0','ç™»å½•æˆåŠŸ','2020-04-20 20:37:58'),(232,'admin','127.0.0.1','å†…ç½‘IP','Chrome 8','Windows 10','0','ç™»å½•æˆåŠŸ','2020-04-20 20:38:25'),(233,'admin','127.0.0.1','å†…ç½‘IP','Chrome 8','Windows 10','0','ç™»å½•æˆåŠŸ','2020-04-20 20:39:52'),(234,'admin','127.0.0.1','å†…ç½‘IP','Chrome 8','Windows 10','1','ç”¨æˆ·ä¸å­˜åœ¨/å¯†ç é”™è¯¯','2020-04-25 00:31:12'),(235,'admin','127.0.0.1','å†…ç½‘IP','Chrome 8','Windows 10','0','ç™»å½•æˆåŠŸ','2020-04-25 00:32:17'),(236,'admin','127.0.0.1','å†…ç½‘IP','Chrome 8','Windows 10','0','ç™»å½•æˆåŠŸ','2020-04-25 01:17:02'),(237,'admin','127.0.0.1','å†…ç½‘IP','Chrome 8','Windows 10','0','ç™»å½•æˆåŠŸ','2020-04-25 01:17:18'),(238,'admin','127.0.0.1','å†…ç½‘IP','Chrome 8','Windows 10','0','ç™»å½•æˆåŠŸ','2020-04-25 01:18:10'),(239,'admin','223.65.51.134','Unknown IP','Chrome 8','Windows 10','0','ç™»å½•æˆåŠŸ','2020-04-25 02:22:36'),(240,'admin','223.65.51.134','Unknown IP','Chrome 8','Windows 10','0','é€€å‡ºæˆåŠŸ','2020-04-25 02:23:17'),(241,'admin','223.65.51.134','Unknown IP','Chrome 8','Windows 10','0','ç™»å½•æˆåŠŸ','2020-04-25 02:23:27'),(242,'admin','223.65.51.134','Unknown IP','Chrome 8','Windows 10','0','é€€å‡ºæˆåŠŸ','2020-04-25 02:24:06'),(243,'admin','223.65.51.134','Unknown IP','Chrome 8','Windows 10','0','ç™»å½•æˆåŠŸ','2020-04-25 02:27:37'),(244,'admin','223.65.51.134','Unknown IP','Chrome 8','Windows 10','1','éªŒè¯ç é”™è¯¯','2020-04-25 08:22:58'),(245,'admin','223.65.51.134','Unknown IP','Chrome 8','Windows 10','1','éªŒè¯ç é”™è¯¯','2020-04-25 08:23:07'),(246,'admin','223.65.51.134','Unknown IP','Chrome 8','Windows 10','0','ç™»å½•æˆåŠŸ','2020-04-25 08:23:15'),(247,'admin','223.65.51.134','Unknown IP','Chrome 8','Windows 10','1','éªŒè¯ç é”™è¯¯','2020-04-25 11:28:06'),(248,'admin','223.65.51.134','Unknown IP','Chrome 8','Windows 10','1','éªŒè¯ç é”™è¯¯','2020-04-25 11:28:13'),(249,'admin','223.65.51.134','Unknown IP','Chrome 8','Windows 10','0','ç™»å½•æˆåŠŸ','2020-04-25 11:28:19'),(250,'admin','223.65.51.134','æ±Ÿè‹ å—äº¬','Chrome 8','Windows 10','0','é€€å‡ºæˆåŠŸ','2020-04-25 11:45:55'),(251,'admin','223.65.51.134','Unknown IP','Chrome 8','Windows 10','0','ç™»å½•æˆåŠŸ','2020-04-25 11:47:51'),(252,'admin','118.181.103.78','Unknown IP','Chrome 8','Windows 10','1','éªŒè¯ç é”™è¯¯','2020-05-03 20:09:56'),(253,'admin','118.181.103.78','Unknown IP','Chrome 8','Windows 10','1','éªŒè¯ç é”™è¯¯','2020-05-03 20:11:36'),(254,'admin','118.181.103.78','Unknown IP','Chrome 8','Windows 10','0','ç™»å½•æˆåŠŸ','2020-05-03 20:13:50'),(255,'admin','118.181.103.78','Unknown IP','Chrome 8','Windows 10','0','ç™»å½•æˆåŠŸ','2020-05-03 20:14:15'),(256,'admin','118.181.103.78','Unknown IP','Unknown','Unknown','1','éªŒè¯ç å·²å¤±æ•ˆ','2020-05-03 20:23:24');
/*!40000 ALTER TABLE `sys_logininfor` ENABLE KEYS */;
UNLOCK TABLES;

--
-- Table structure for table `sys_menu`
--

DROP TABLE IF EXISTS `sys_menu`;
/*!40101 SET @saved_cs_client     = @@character_set_client */;
/*!40101 SET character_set_client = utf8 */;
CREATE TABLE `sys_menu` (
  `menu_id` bigint(20) NOT NULL AUTO_INCREMENT COMMENT 'èœå•ID',
  `menu_name` varchar(50) NOT NULL COMMENT 'èœå•åç§°',
  `parent_id` bigint(20) DEFAULT '0' COMMENT 'çˆ¶èœå•ID',
  `order_num` int(4) DEFAULT '0' COMMENT 'æ˜¾ç¤ºé¡ºåº',
  `path` varchar(200) DEFAULT '' COMMENT 'è·¯ç”±åœ°å€',
  `component` varchar(255) DEFAULT NULL COMMENT 'ç»„ä»¶è·¯å¾„',
  `is_frame` int(1) DEFAULT '1' COMMENT 'æ˜¯å¦ä¸ºå¤–é“¾ï¼ˆ0æ˜¯ 1å¦ï¼‰',
  `menu_type` char(1) DEFAULT '' COMMENT 'èœå•ç±»å‹ï¼ˆMç›®å½• Cèœå• FæŒ‰é’®ï¼‰',
  `visible` char(1) DEFAULT '0' COMMENT 'èœå•çŠ¶æ€ï¼ˆ0æ˜¾ç¤º 1éšè—ï¼‰',
  `perms` varchar(100) DEFAULT NULL COMMENT 'æƒé™æ ‡è¯†',
  `icon` varchar(100) DEFAULT '#' COMMENT 'èœå•å›¾æ ‡',
  `create_by` varchar(64) DEFAULT '' COMMENT 'åˆ›å»ºè€…',
  `create_time` datetime DEFAULT NULL COMMENT 'åˆ›å»ºæ—¶é—´',
  `update_by` varchar(64) DEFAULT '' COMMENT 'æ›´æ–°è€…',
  `update_time` datetime DEFAULT NULL COMMENT 'æ›´æ–°æ—¶é—´',
  `remark` varchar(500) DEFAULT '' COMMENT 'å¤‡æ³¨',
  PRIMARY KEY (`menu_id`)
) ENGINE=InnoDB AUTO_INCREMENT=2004 DEFAULT CHARSET=utf8 COMMENT='èœå•æƒé™è¡¨';
/*!40101 SET character_set_client = @saved_cs_client */;

--
-- Dumping data for table `sys_menu`
--

LOCK TABLES `sys_menu` WRITE;
/*!40000 ALTER TABLE `sys_menu` DISABLE KEYS */;
INSERT INTO `sys_menu` VALUES (1,'ç³»ç»Ÿç®¡ç†',0,1,'system',NULL,1,'M','0','','system','admin','2018-03-16 11:33:00','ry','2018-03-16 11:33:00','ç³»ç»Ÿç®¡ç†ç›®å½•'),(100,'ç”¨æˆ·ç®¡ç†',1,1,'user','system/user/index',1,'C','0','system:user:list','user','admin','2018-03-16 11:33:00','admin','2020-04-25 00:40:38','ç”¨æˆ·ç®¡ç†èœå•'),(101,'è§’è‰²ç®¡ç†',1,2,'role','system/role/index',1,'C','0','system:role:list','peoples','admin','2018-03-16 11:33:00','ry','2018-03-16 11:33:00','è§’è‰²ç®¡ç†èœå•'),(102,'èœå•ç®¡ç†',1,3,'menu','system/menu/index',1,'C','0','system:menu:list','tree-table','admin','2018-03-16 11:33:00','ry','2018-03-16 11:33:00','èœå•ç®¡ç†èœå•'),(107,'é€šçŸ¥å…¬å‘Š',1,8,'notice','system/notice/index',1,'C','0','system:notice:list','message','admin','2018-03-16 11:33:00','ry','2018-03-16 11:33:00','é€šçŸ¥å…¬å‘Šèœå•'),(108,'æ—¥å¿—ç®¡ç†',0,9,'log','system/log/index',1,'M','0','','log','admin','2018-03-16 11:33:00','admin','2020-04-25 00:36:08','æ—¥å¿—ç®¡ç†èœå•'),(500,'æ“ä½œæ—¥å¿—',108,1,'operlog','monitor/operlog/index',1,'C','0','monitor:operlog:list','form','admin','2018-03-16 11:33:00','admin','2020-04-25 00:38:29','æ“ä½œæ—¥å¿—èœå•'),(501,'ç™»å½•æ—¥å¿—',108,2,'logininfor','monitor/logininfor/index',1,'C','0','monitor:logininfor:list','logininfor','admin','2018-03-16 11:33:00','ry','2018-03-16 11:33:00','ç™»å½•æ—¥å¿—èœå•'),(1001,'ç”¨æˆ·æŸ¥è¯¢',100,1,'','',1,'F','0','system:user:query','#','admin','2018-03-16 11:33:00','ry','2018-03-16 11:33:00',''),(1002,'ç”¨æˆ·æ–°å¢',100,2,'','',1,'F','0','system:user:add','#','admin','2018-03-16 11:33:00','ry','2018-03-16 11:33:00',''),(1003,'ç”¨æˆ·ä¿®æ”¹',100,3,'','',1,'F','0','system:user:edit','#','admin','2018-03-16 11:33:00','ry','2018-03-16 11:33:00',''),(1004,'ç”¨æˆ·åˆ é™¤',100,4,'','',1,'F','0','system:user:remove','#','admin','2018-03-16 11:33:00','ry','2018-03-16 11:33:00',''),(1005,'ç”¨æˆ·å¯¼å‡º',100,5,'','',1,'F','0','system:user:export','#','admin','2018-03-16 11:33:00','ry','2018-03-16 11:33:00',''),(1006,'ç”¨æˆ·å¯¼å…¥',100,6,'','',1,'F','0','system:user:import','#','admin','2018-03-16 11:33:00','ry','2018-03-16 11:33:00',''),(1007,'é‡ç½®å¯†ç ',100,7,'','',1,'F','0','system:user:resetPwd','#','admin','2018-03-16 11:33:00','ry','2018-03-16 11:33:00',''),(1008,'è§’è‰²æŸ¥è¯¢',101,1,'','',1,'F','0','system:role:query','#','admin','2018-03-16 11:33:00','ry','2018-03-16 11:33:00',''),(1009,'è§’è‰²æ–°å¢',101,2,'','',1,'F','0','system:role:add','#','admin','2018-03-16 11:33:00','ry','2018-03-16 11:33:00',''),(1010,'è§’è‰²ä¿®æ”¹',101,3,'','',1,'F','0','system:role:edit','#','admin','2018-03-16 11:33:00','ry','2018-03-16 11:33:00',''),(1011,'è§’è‰²åˆ é™¤',101,4,'','',1,'F','0','system:role:remove','#','admin','2018-03-16 11:33:00','ry','2018-03-16 11:33:00',''),(1012,'è§’è‰²å¯¼å‡º',101,5,'','',1,'F','0','system:role:export','#','admin','2018-03-16 11:33:00','ry','2018-03-16 11:33:00',''),(1013,'èœå•æŸ¥è¯¢',102,1,'','',1,'F','0','system:menu:query','#','admin','2018-03-16 11:33:00','ry','2018-03-16 11:33:00',''),(1014,'èœå•æ–°å¢',102,2,'','',1,'F','0','system:menu:add','#','admin','2018-03-16 11:33:00','ry','2018-03-16 11:33:00',''),(1015,'èœå•ä¿®æ”¹',102,3,'','',1,'F','0','system:menu:edit','#','admin','2018-03-16 11:33:00','ry','2018-03-16 11:33:00',''),(1016,'èœå•åˆ é™¤',102,4,'','',1,'F','0','system:menu:remove','#','admin','2018-03-16 11:33:00','ry','2018-03-16 11:33:00',''),(1017,'éƒ¨é—¨æŸ¥è¯¢',103,1,'','',1,'F','0','system:dept:query','#','admin','2018-03-16 11:33:00','ry','2018-03-16 11:33:00',''),(1018,'éƒ¨é—¨æ–°å¢',103,2,'','',1,'F','0','system:dept:add','#','admin','2018-03-16 11:33:00','ry','2018-03-16 11:33:00',''),(1019,'éƒ¨é—¨ä¿®æ”¹',103,3,'','',1,'F','0','system:dept:edit','#','admin','2018-03-16 11:33:00','ry','2018-03-16 11:33:00',''),(1020,'éƒ¨é—¨åˆ é™¤',103,4,'','',1,'F','0','system:dept:remove','#','admin','2018-03-16 11:33:00','ry','2018-03-16 11:33:00',''),(1021,'å²—ä½æŸ¥è¯¢',104,1,'','',1,'F','0','system:post:query','#','admin','2018-03-16 11:33:00','ry','2018-03-16 11:33:00',''),(1022,'å²—ä½æ–°å¢',104,2,'','',1,'F','0','system:post:add','#','admin','2018-03-16 11:33:00','ry','2018-03-16 11:33:00',''),(1023,'å²—ä½ä¿®æ”¹',104,3,'','',1,'F','0','system:post:edit','#','admin','2018-03-16 11:33:00','ry','2018-03-16 11:33:00',''),(1024,'å²—ä½åˆ é™¤',104,4,'','',1,'F','0','system:post:remove','#','admin','2018-03-16 11:33:00','ry','2018-03-16 11:33:00',''),(1025,'å²—ä½å¯¼å‡º',104,5,'','',1,'F','0','system:post:export','#','admin','2018-03-16 11:33:00','ry','2018-03-16 11:33:00',''),(1026,'å­—å…¸æŸ¥è¯¢',105,1,'#','',1,'F','0','system:dict:query','#','admin','2018-03-16 11:33:00','ry','2018-03-16 11:33:00',''),(1027,'å­—å…¸æ–°å¢',105,2,'#','',1,'F','0','system:dict:add','#','admin','2018-03-16 11:33:00','ry','2018-03-16 11:33:00',''),(1028,'å­—å…¸ä¿®æ”¹',105,3,'#','',1,'F','0','system:dict:edit','#','admin','2018-03-16 11:33:00','ry','2018-03-16 11:33:00',''),(1029,'å­—å…¸åˆ é™¤',105,4,'#','',1,'F','0','system:dict:remove','#','admin','2018-03-16 11:33:00','ry','2018-03-16 11:33:00',''),(1030,'å­—å…¸å¯¼å‡º',105,5,'#','',1,'F','0','system:dict:export','#','admin','2018-03-16 11:33:00','ry','2018-03-16 11:33:00',''),(1031,'å‚æ•°æŸ¥è¯¢',106,1,'#','',1,'F','0','system:config:query','#','admin','2018-03-16 11:33:00','ry','2018-03-16 11:33:00',''),(1032,'å‚æ•°æ–°å¢',106,2,'#','',1,'F','0','system:config:add','#','admin','2018-03-16 11:33:00','ry','2018-03-16 11:33:00',''),(1033,'å‚æ•°ä¿®æ”¹',106,3,'#','',1,'F','0','system:config:edit','#','admin','2018-03-16 11:33:00','ry','2018-03-16 11:33:00',''),(1034,'å‚æ•°åˆ é™¤',106,4,'#','',1,'F','0','system:config:remove','#','admin','2018-03-16 11:33:00','ry','2018-03-16 11:33:00',''),(1035,'å‚æ•°å¯¼å‡º',106,5,'#','',1,'F','0','system:config:export','#','admin','2018-03-16 11:33:00','ry','2018-03-16 11:33:00',''),(1036,'å…¬å‘ŠæŸ¥è¯¢',107,1,'#','',1,'F','0','system:notice:query','#','admin','2018-03-16 11:33:00','ry','2018-03-16 11:33:00',''),(1037,'å…¬å‘Šæ–°å¢',107,2,'#','',1,'F','0','system:notice:add','#','admin','2018-03-16 11:33:00','ry','2018-03-16 11:33:00',''),(1038,'å…¬å‘Šä¿®æ”¹',107,3,'#','',1,'F','0','system:notice:edit','#','admin','2018-03-16 11:33:00','ry','2018-03-16 11:33:00',''),(1039,'å…¬å‘Šåˆ é™¤',107,4,'#','',1,'F','0','system:notice:remove','#','admin','2018-03-16 11:33:00','ry','2018-03-16 11:33:00',''),(1040,'æ“ä½œæŸ¥è¯¢',500,1,'#','',1,'F','0','monitor:operlog:query','#','admin','2018-03-16 11:33:00','ry','2018-03-16 11:33:00',''),(1041,'æ“ä½œåˆ é™¤',500,2,'#','',1,'F','0','monitor:operlog:remove','#','admin','2018-03-16 11:33:00','ry','2018-03-16 11:33:00',''),(1042,'æ—¥å¿—å¯¼å‡º',500,4,'#','',1,'F','0','monitor:operlog:export','#','admin','2018-03-16 11:33:00','ry','2018-03-16 11:33:00',''),(1043,'ç™»å½•æŸ¥è¯¢',501,1,'#','',1,'F','0','monitor:logininfor:query','#','admin','2018-03-16 11:33:00','ry','2018-03-16 11:33:00',''),(1044,'ç™»å½•åˆ é™¤',501,2,'#','',1,'F','0','monitor:logininfor:remove','#','admin','2018-03-16 11:33:00','ry','2018-03-16 11:33:00',''),(1045,'æ—¥å¿—å¯¼å‡º',501,3,'#','',1,'F','0','monitor:logininfor:export','#','admin','2018-03-16 11:33:00','ry','2018-03-16 11:33:00',''),(1046,'åœ¨çº¿æŸ¥è¯¢',109,1,'#','',1,'F','0','monitor:online:query','#','admin','2018-03-16 11:33:00','ry','2018-03-16 11:33:00',''),(1047,'æ‰¹é‡å¼ºé€€',109,2,'#','',1,'F','0','monitor:online:batchLogout','#','admin','2018-03-16 11:33:00','ry','2018-03-16 11:33:00',''),(1048,'å•æ¡å¼ºé€€',109,3,'#','',1,'F','0','monitor:online:forceLogout','#','admin','2018-03-16 11:33:00','ry','2018-03-16 11:33:00',''),(1049,'ä»»åŠ¡æŸ¥è¯¢',110,1,'#','',1,'F','0','monitor:job:query','#','admin','2018-03-16 11:33:00','ry','2018-03-16 11:33:00',''),(1050,'ä»»åŠ¡æ–°å¢',110,2,'#','',1,'F','0','monitor:job:add','#','admin','2018-03-16 11:33:00','ry','2018-03-16 11:33:00',''),(1051,'ä»»åŠ¡ä¿®æ”¹',110,3,'#','',1,'F','0','monitor:job:edit','#','admin','2018-03-16 11:33:00','ry','2018-03-16 11:33:00',''),(1052,'ä»»åŠ¡åˆ é™¤',110,4,'#','',1,'F','0','monitor:job:remove','#','admin','2018-03-16 11:33:00','ry','2018-03-16 11:33:00',''),(1053,'çŠ¶æ€ä¿®æ”¹',110,5,'#','',1,'F','0','monitor:job:changeStatus','#','admin','2018-03-16 11:33:00','ry','2018-03-16 11:33:00',''),(2000,'ç”¨æˆ·ä¿¡æ¯æŸ¥è¯¢',100,8,'',NULL,1,'F','0','system:userinfo:query','#','admin','2020-04-11 22:00:42','',NULL,''),(2001,'å¡ç‰‡ç®¡ç†',2002,10,'RFIDCard','RFID/card/index',1,'C','0','','list','admin','2020-04-20 19:45:26','admin','2020-04-20 20:32:55',''),(2002,'RFIDç®¡ç†',0,3,'rfidMenu',NULL,1,'M','0','','clipboard','admin','2020-04-20 20:26:38','admin','2020-04-25 00:34:54',''),(2003,'åˆ·å¡ç®¡ç†',2002,2,'SwipeRFIDRecord','RFID/swipe/index',1,'C','0',NULL,'clipboard','admin','2020-04-25 01:06:16','',NULL,'');
/*!40000 ALTER TABLE `sys_menu` ENABLE KEYS */;
UNLOCK TABLES;

--
-- Table structure for table `sys_notice`
--

DROP TABLE IF EXISTS `sys_notice`;
/*!40101 SET @saved_cs_client     = @@character_set_client */;
/*!40101 SET character_set_client = utf8 */;
CREATE TABLE `sys_notice` (
  `notice_id` int(4) NOT NULL AUTO_INCREMENT COMMENT 'å…¬å‘ŠID',
  `notice_title` varchar(50) NOT NULL COMMENT 'å…¬å‘Šæ ‡é¢˜',
  `notice_type` char(1) NOT NULL COMMENT 'å…¬å‘Šç±»å‹ï¼ˆ1é€šçŸ¥ 2å…¬å‘Šï¼‰',
  `notice_content` varchar(2000) DEFAULT NULL COMMENT 'å…¬å‘Šå†…å®¹',
  `status` char(1) DEFAULT '0' COMMENT 'å…¬å‘ŠçŠ¶æ€ï¼ˆ0æ­£å¸¸ 1å…³é—­ï¼‰',
  `create_by` varchar(64) DEFAULT '' COMMENT 'åˆ›å»ºè€…',
  `create_time` datetime DEFAULT NULL COMMENT 'åˆ›å»ºæ—¶é—´',
  `update_by` varchar(64) DEFAULT '' COMMENT 'æ›´æ–°è€…',
  `update_time` datetime DEFAULT NULL COMMENT 'æ›´æ–°æ—¶é—´',
  `remark` varchar(255) DEFAULT NULL COMMENT 'å¤‡æ³¨',
  PRIMARY KEY (`notice_id`)
) ENGINE=InnoDB AUTO_INCREMENT=4 DEFAULT CHARSET=utf8 COMMENT='é€šçŸ¥å…¬å‘Šè¡¨';
/*!40101 SET character_set_client = @saved_cs_client */;

--
-- Dumping data for table `sys_notice`
--

LOCK TABLES `sys_notice` WRITE;
/*!40000 ALTER TABLE `sys_notice` DISABLE KEYS */;
INSERT INTO `sys_notice` VALUES (2,'1111','2','<p><strong>111111</strong></p>','0','admin','2020-05-03 20:25:16','',NULL,NULL),(3,'XXXXXX','2','<p><strong>ccccccc</strong></p>','0','admin','2020-05-03 20:26:44','',NULL,NULL);
/*!40000 ALTER TABLE `sys_notice` ENABLE KEYS */;
UNLOCK TABLES;

--
-- Table structure for table `sys_oper_log`
--

DROP TABLE IF EXISTS `sys_oper_log`;
/*!40101 SET @saved_cs_client     = @@character_set_client */;
/*!40101 SET character_set_client = utf8 */;
CREATE TABLE `sys_oper_log` (
  `oper_id` bigint(20) NOT NULL AUTO_INCREMENT COMMENT 'æ—¥å¿—ä¸»é”®',
  `title` varchar(50) DEFAULT '' COMMENT 'æ¨¡å—æ ‡é¢˜',
  `business_type` int(2) DEFAULT '0' COMMENT 'ä¸šåŠ¡ç±»å‹ï¼ˆ0å…¶å®ƒ 1æ–°å¢ 2ä¿®æ”¹ 3åˆ é™¤ï¼‰',
  `method` varchar(100) DEFAULT '' COMMENT 'æ–¹æ³•åç§°',
  `request_method` varchar(10) DEFAULT '' COMMENT 'è¯·æ±‚æ–¹å¼',
  `operator_type` int(1) DEFAULT '0' COMMENT 'æ“ä½œç±»åˆ«ï¼ˆ0å…¶å®ƒ 1åå°ç”¨æˆ· 2æ‰‹æœºç«¯ç”¨æˆ·ï¼‰',
  `oper_name` varchar(50) DEFAULT '' COMMENT 'æ“ä½œäººå‘˜',
  `dept_name` varchar(50) DEFAULT '' COMMENT 'éƒ¨é—¨åç§°',
  `oper_url` varchar(255) DEFAULT '' COMMENT 'è¯·æ±‚URL',
  `oper_ip` varchar(50) DEFAULT '' COMMENT 'ä¸»æœºåœ°å€',
  `oper_location` varchar(255) DEFAULT '' COMMENT 'æ“ä½œåœ°ç‚¹',
  `oper_param` varchar(2000) DEFAULT '' COMMENT 'è¯·æ±‚å‚æ•°',
  `json_result` varchar(2000) DEFAULT '' COMMENT 'è¿”å›å‚æ•°',
  `status` int(1) DEFAULT '0' COMMENT 'æ“ä½œçŠ¶æ€ï¼ˆ0æ­£å¸¸ 1å¼‚å¸¸ï¼‰',
  `error_msg` varchar(2000) DEFAULT '' COMMENT 'é”™è¯¯æ¶ˆæ¯',
  `oper_time` datetime DEFAULT NULL COMMENT 'æ“ä½œæ—¶é—´',
  PRIMARY KEY (`oper_id`)
) ENGINE=InnoDB AUTO_INCREMENT=53 DEFAULT CHARSET=utf8 COMMENT='æ“ä½œæ—¥å¿—è®°å½•';
/*!40101 SET character_set_client = @saved_cs_client */;

--
-- Dumping data for table `sys_oper_log`
--

LOCK TABLES `sys_oper_log` WRITE;
/*!40000 ALTER TABLE `sys_oper_log` DISABLE KEYS */;
INSERT INTO `sys_oper_log` VALUES (1,'èœå•ç®¡ç†',2,'com.leleplus.project.system.controller.SysMenuController.edit()','PUT',1,'admin',NULL,'/system/menu','127.0.0.1','å†…ç½‘IP','{\"icon\":\"log\",\"orderNum\":\"9\",\"menuName\":\"æ—¥å¿—ç®¡ç†\",\"path\":\"log\",\"children\":[],\"updateBy\":\"admin\",\"isFrame\":\"1\",\"menuId\":108,\"perms\":\"\",\"visible\":\"0\",\"params\":{},\"parentId\":2,\"component\":\"system/log/index\",\"createTime\":1521171180000,\"menuType\":\"M\"}','{\"msg\":\"æ“ä½œæˆåŠŸ\",\"code\":200}',0,NULL,'2020-04-04 14:10:15'),(2,'é€šçŸ¥å…¬å‘Š',3,'com.leleplus.project.system.controller.SysNoticeController.remove()','DELETE',1,'admin',NULL,'/system/notice/2','127.0.0.1','å†…ç½‘IP','{noticeIds=2}','{\"msg\":\"æ“ä½œæˆåŠŸ\",\"code\":200}',0,NULL,'2020-04-04 14:47:44'),(3,'ç”¨æˆ·ç®¡ç†',1,'com.leleplus.project.system.controller.SysUserController.add()','POST',1,'admin',NULL,'/system/user','127.0.0.1','å†…ç½‘IP','{\"student\":false,\"roles\":[],\"admin\":false,\"loginDate\":1521171180000,\"remark\":\"ç®¡ç†å‘˜\",\"delFlag\":\"0\",\"password\":\"$2a$10$7JB720yubVSZvUI0rEqK/.VqGOZTH.ulu33dHOiBE8ByOhJIrdAu2\",\"loginIp\":\"127.0.0.1\",\"id\":1,\"email\":\"ry@163.com\",\"nickName\":\"boss\",\"avatar\":\"\",\"params\":{},\"userInfoId\":1,\"createBy\":\"admin\",\"createTime\":1521171180000,\"telphone\":\"15888888888\",\"coach\":false,\"status\":\"0\",\"username\":\"admin\"}','{\"msg\":\"æ–°å¢ç”¨æˆ·\'admin\'å¤±è´¥ï¼Œç™»å½•è´¦å·å·²å­˜åœ¨\",\"code\":500}',0,NULL,'2020-04-04 16:23:16'),(4,'èœå•ç®¡ç†',1,'com.leleplus.project.system.controller.SysMenuController.add()','POST',1,'admin',NULL,'/system/menu','127.0.0.1','å†…ç½‘IP','{\"icon\":\"peoples\",\"orderNum\":\"1\",\"menuName\":\"å­¦å‘˜ç®¡ç†\",\"path\":\"/student\",\"children\":[],\"isFrame\":\"1\",\"visible\":\"0\",\"params\":{},\"parentId\":100,\"createBy\":\"admin\",\"menuType\":\"M\"}','{\"msg\":\"æ“ä½œæˆåŠŸ\",\"code\":200}',0,NULL,'2020-04-04 16:40:25'),(5,'èœå•ç®¡ç†',2,'com.leleplus.project.system.controller.SysMenuController.edit()','PUT',1,'admin',NULL,'/system/menu','127.0.0.1','å†…ç½‘IP','{\"icon\":\"peoples\",\"orderNum\":\"1\",\"menuName\":\"å­¦å‘˜ç®¡ç†\",\"path\":\"/student\",\"children\":[],\"updateBy\":\"admin\",\"isFrame\":\"1\",\"menuId\":1061,\"perms\":\"\",\"visible\":\"0\",\"params\":{},\"parentId\":100,\"createTime\":1585989625000,\"menuType\":\"C\"}','{\"msg\":\"æ“ä½œæˆåŠŸ\",\"code\":200}',0,NULL,'2020-04-04 16:41:36'),(6,'èœå•ç®¡ç†',2,'com.leleplus.project.system.controller.SysMenuController.edit()','PUT',1,'admin',NULL,'/system/menu','127.0.0.1','å†…ç½‘IP','{\"icon\":\"user\",\"orderNum\":\"1\",\"menuName\":\"ç”¨æˆ·ç®¡ç†\",\"path\":\"user\",\"children\":[],\"updateBy\":\"admin\",\"isFrame\":\"1\",\"menuId\":100,\"perms\":\"system:user:list\",\"visible\":\"0\",\"params\":{},\"parentId\":1,\"component\":\"\",\"createTime\":1521171180000,\"menuType\":\"C\"}','{\"msg\":\"æ“ä½œæˆåŠŸ\",\"code\":200}',0,NULL,'2020-04-04 16:50:15'),(7,'èœå•ç®¡ç†',2,'com.leleplus.project.system.controller.SysMenuController.edit()','PUT',1,'admin',NULL,'/system/menu','127.0.0.1','å†…ç½‘IP','{\"icon\":\"user\",\"orderNum\":\"1\",\"menuName\":\"å­¦å‘˜ç®¡ç†\",\"path\":\"user\",\"children\":[],\"updateBy\":\"admin\",\"isFrame\":\"1\",\"menuId\":1061,\"perms\":\"system:user:list\",\"visible\":\"0\",\"params\":{},\"parentId\":100,\"component\":\"system/user/index\",\"createTime\":1585989625000,\"menuType\":\"C\"}','{\"msg\":\"æ“ä½œæˆåŠŸ\",\"code\":200}',0,NULL,'2020-04-04 16:50:51'),(8,'èœå•ç®¡ç†',2,'com.leleplus.project.system.controller.SysMenuController.edit()','PUT',1,'admin',NULL,'/system/menu','127.0.0.1','å†…ç½‘IP','{\"icon\":\"log\",\"orderNum\":\"9\",\"menuName\":\"æ—¥å¿—ç®¡ç†\",\"path\":\"log\",\"children\":[],\"updateBy\":\"admin\",\"isFrame\":\"1\",\"menuId\":108,\"perms\":\"\",\"visible\":\"0\",\"params\":{},\"parentId\":1,\"component\":\"system/log/index\",\"createTime\":1521171180000,\"menuType\":\"M\"}','{\"msg\":\"æ“ä½œæˆåŠŸ\",\"code\":200}',0,NULL,'2020-04-04 16:53:22'),(9,'èœå•ç®¡ç†',1,'com.leleplus.project.system.controller.SysMenuController.add()','POST',1,'admin',NULL,'/system/menu','127.0.0.1','å†…ç½‘IP','{\"icon\":\"user\",\"orderNum\":\"5\",\"menuName\":\"ç”¨æˆ·ç®¡ç†\",\"path\":\"system\",\"children\":[],\"isFrame\":\"1\",\"visible\":\"0\",\"params\":{},\"parentId\":0,\"createBy\":\"admin\",\"menuType\":\"M\"}','{\"msg\":\"æ“ä½œæˆåŠŸ\",\"code\":200}',0,NULL,'2020-04-04 17:24:36'),(10,'èœå•ç®¡ç†',3,'com.leleplus.project.system.controller.SysMenuController.remove()','DELETE',1,'admin',NULL,'/system/menu/1061','127.0.0.1','å†…ç½‘IP','{menuId=1061}','{\"msg\":\"æ“ä½œæˆåŠŸ\",\"code\":200}',0,NULL,'2020-04-04 19:08:07'),(11,'èœå•ç®¡ç†',3,'com.leleplus.project.system.controller.SysMenuController.remove()','DELETE',1,'admin',NULL,'/system/menu/1062','127.0.0.1','å†…ç½‘IP','{menuId=1062}','{\"msg\":\"æ“ä½œæˆåŠŸ\",\"code\":200}',0,NULL,'2020-04-04 19:45:02'),(12,'èœå•ç®¡ç†',2,'com.leleplus.project.system.controller.SysMenuController.edit()','PUT',1,'admin',NULL,'/system/menu','127.0.0.1','å†…ç½‘IP','{\"icon\":\"user\",\"orderNum\":\"1\",\"menuName\":\"ç”¨æˆ·ç®¡ç†\",\"path\":\"user\",\"children\":[],\"updateBy\":\"admin\",\"isFrame\":\"1\",\"menuId\":100,\"perms\":\"system:user:list\",\"visible\":\"0\",\"params\":{},\"parentId\":0,\"component\":\"system/user/index\",\"createTime\":1521171180000,\"menuType\":\"C\"}','{\"msg\":\"æ“ä½œæˆåŠŸ\",\"code\":200}',0,NULL,'2020-04-05 13:23:21'),(13,'èœå•ç®¡ç†',2,'com.leleplus.project.system.controller.SysMenuController.edit()','PUT',1,'admin',NULL,'/system/menu','127.0.0.1','å†…ç½‘IP','{\"icon\":\"system\",\"orderNum\":\"2\",\"menuName\":\"ç³»ç»Ÿç®¡ç†\",\"path\":\"system\",\"children\":[],\"updateBy\":\"admin\",\"isFrame\":\"1\",\"menuId\":1,\"perms\":\"\",\"visible\":\"0\",\"params\":{},\"parentId\":0,\"createTime\":1521171180000,\"menuType\":\"M\"}','{\"msg\":\"æ“ä½œæˆåŠŸ\",\"code\":200}',0,NULL,'2020-04-05 13:24:30'),(14,'èœå•ç®¡ç†',2,'com.leleplus.project.system.controller.SysMenuController.edit()','PUT',1,'admin',NULL,'/system/menu','127.0.0.1','å†…ç½‘IP','{\"icon\":\"guide\",\"orderNum\":\"5\",\"menuName\":\"ä¹ä¹ç«™ç‚¹\",\"path\":\"http://www.leleplus.fun\",\"children\":[],\"updateBy\":\"admin\",\"isFrame\":\"0\",\"menuId\":4,\"perms\":\"\",\"visible\":\"0\",\"params\":{},\"parentId\":0,\"createTime\":1521171180000,\"menuType\":\"M\"}','{\"msg\":\"æ“ä½œæˆåŠŸ\",\"code\":200}',0,NULL,'2020-04-05 13:24:43'),(15,'èœå•ç®¡ç†',2,'com.leleplus.project.system.controller.SysMenuController.edit()','PUT',1,'admin',NULL,'/system/menu','127.0.0.1','å†…ç½‘IP','{\"icon\":\"tool\",\"orderNum\":\"4\",\"menuName\":\"ç³»ç»Ÿå·¥å…·\",\"path\":\"tool\",\"children\":[],\"updateBy\":\"admin\",\"isFrame\":\"1\",\"menuId\":3,\"perms\":\"\",\"visible\":\"0\",\"params\":{},\"parentId\":0,\"createTime\":1521171180000,\"menuType\":\"M\"}','{\"msg\":\"æ“ä½œæˆåŠŸ\",\"code\":200}',0,NULL,'2020-04-05 13:24:46'),(16,'èœå•ç®¡ç†',2,'com.leleplus.project.system.controller.SysMenuController.edit()','PUT',1,'admin',NULL,'/system/menu','127.0.0.1','å†…ç½‘IP','{\"icon\":\"monitor\",\"orderNum\":\"3\",\"menuName\":\"ç³»ç»Ÿç›‘æ§\",\"path\":\"monitor\",\"children\":[],\"updateBy\":\"admin\",\"isFrame\":\"1\",\"menuId\":2,\"perms\":\"\",\"visible\":\"0\",\"params\":{},\"parentId\":0,\"createTime\":1521171180000,\"menuType\":\"M\"}','{\"msg\":\"æ“ä½œæˆåŠŸ\",\"code\":200}',0,NULL,'2020-04-05 13:24:51'),(17,'èœå•ç®¡ç†',2,'com.leleplus.project.system.controller.SysMenuController.edit()','PUT',1,'admin',NULL,'/system/menu','127.0.0.1','å†…ç½‘IP','{\"icon\":\"peoples\",\"orderNum\":\"2\",\"menuName\":\"è§’è‰²ç®¡ç†\",\"path\":\"role\",\"children\":[],\"updateBy\":\"admin\",\"isFrame\":\"1\",\"menuId\":101,\"perms\":\"system:role:list\",\"visible\":\"0\",\"params\":{},\"parentId\":0,\"component\":\"system/role/index\",\"createTime\":1521171180000,\"menuType\":\"M\"}','{\"msg\":\"æ“ä½œæˆåŠŸ\",\"code\":200}',0,NULL,'2020-04-05 13:29:27'),(18,'èœå•ç®¡ç†',2,'com.leleplus.project.system.controller.SysMenuController.edit()','PUT',1,'admin',NULL,'/system/menu','127.0.0.1','å†…ç½‘IP','{\"icon\":\"peoples\",\"orderNum\":\"8\",\"menuName\":\"è§’è‰²ç®¡ç†\",\"path\":\"role\",\"children\":[],\"updateBy\":\"admin\",\"isFrame\":\"1\",\"menuId\":101,\"perms\":\"system:role:list\",\"visible\":\"0\",\"params\":{},\"parentId\":0,\"component\":\"system/role/index\",\"createTime\":1521171180000,\"menuType\":\"M\"}','{\"msg\":\"æ“ä½œæˆåŠŸ\",\"code\":200}',0,NULL,'2020-04-05 13:30:10'),(19,'èœå•ç®¡ç†',2,'com.leleplus.project.system.controller.SysMenuController.edit()','PUT',1,'admin',NULL,'/system/menu','127.0.0.1','å†…ç½‘IP','{\"icon\":\"peoples\",\"orderNum\":\"1\",\"menuName\":\"è§’è‰²ç®¡ç†\",\"path\":\"role\",\"children\":[],\"updateBy\":\"admin\",\"isFrame\":\"1\",\"menuId\":101,\"perms\":\"system:role:list\",\"visible\":\"0\",\"params\":{},\"parentId\":1,\"component\":\"system/role/index\",\"createTime\":1521171180000,\"menuType\":\"C\"}','{\"msg\":\"æ“ä½œæˆåŠŸ\",\"code\":200}',0,NULL,'2020-04-05 13:31:27'),(20,'èœå•ç®¡ç†',2,'com.leleplus.project.system.controller.SysMenuController.edit()','PUT',1,'admin',NULL,'/system/menu','127.0.0.1','å†…ç½‘IP','{\"icon\":\"user\",\"orderNum\":\"9\",\"menuName\":\"ç”¨æˆ·ç®¡ç†\",\"path\":\"user\",\"children\":[],\"updateBy\":\"admin\",\"isFrame\":\"1\",\"menuId\":100,\"perms\":\"system:user:list\",\"visible\":\"0\",\"params\":{},\"parentId\":0,\"component\":\"system/user/index\",\"createTime\":1521171180000,\"menuType\":\"C\"}','{\"msg\":\"æ“ä½œæˆåŠŸ\",\"code\":200}',0,NULL,'2020-04-05 13:31:56'),(21,'èœå•ç®¡ç†',2,'com.leleplus.project.system.controller.SysMenuController.edit()','PUT',1,'admin',NULL,'/system/menu','127.0.0.1','å†…ç½‘IP','{\"icon\":\"user\",\"orderNum\":\"9\",\"menuName\":\"ç”¨æˆ·ç®¡ç†\",\"path\":\"user\",\"children\":[],\"updateBy\":\"admin\",\"isFrame\":\"1\",\"menuId\":100,\"perms\":\"system:user:list\",\"visible\":\"0\",\"params\":{},\"parentId\":1,\"component\":\"system/user/index\",\"createTime\":1521171180000,\"menuType\":\"C\"}','{\"msg\":\"æ“ä½œæˆåŠŸ\",\"code\":200}',0,NULL,'2020-04-05 13:32:14'),(22,'èœå•ç®¡ç†',2,'com.leleplus.project.system.controller.SysMenuController.edit()','PUT',1,'admin',NULL,'/system/menu','127.0.0.1','å†…ç½‘IP','{\"icon\":\"user\",\"orderNum\":\"9\",\"menuName\":\"ç”¨æˆ·ç®¡ç†\",\"path\":\"user\",\"children\":[],\"updateBy\":\"admin\",\"isFrame\":\"1\",\"menuId\":100,\"perms\":\"system:user:list\",\"visible\":\"0\",\"params\":{},\"parentId\":0,\"component\":\"system/user/index\",\"createTime\":1521171180000,\"menuType\":\"C\"}','{\"msg\":\"æ“ä½œæˆåŠŸ\",\"code\":200}',0,NULL,'2020-04-05 13:32:54'),(23,'èœå•ç®¡ç†',2,'com.leleplus.project.system.controller.SysMenuController.edit()','PUT',1,'admin',NULL,'/system/menu','127.0.0.1','å†…ç½‘IP','{\"icon\":\"user\",\"orderNum\":\"9\",\"menuName\":\"ç”¨æˆ·ç®¡ç†\",\"path\":\"user\",\"children\":[],\"updateBy\":\"admin\",\"isFrame\":\"1\",\"menuId\":100,\"perms\":\"system:user:list\",\"visible\":\"0\",\"params\":{},\"parentId\":0,\"component\":\"user/index\",\"createTime\":1521171180000,\"menuType\":\"C\"}','{\"msg\":\"æ“ä½œæˆåŠŸ\",\"code\":200}',0,NULL,'2020-04-05 13:33:53'),(24,'èœå•ç®¡ç†',2,'com.leleplus.project.system.controller.SysMenuController.edit()','PUT',1,'admin',NULL,'/system/menu','127.0.0.1','å†…ç½‘IP','{\"icon\":\"user\",\"orderNum\":\"9\",\"menuName\":\"ç”¨æˆ·ç®¡ç†\",\"path\":\"user\",\"children\":[],\"updateBy\":\"admin\",\"isFrame\":\"1\",\"menuId\":100,\"perms\":\"system:user:list\",\"visible\":\"0\",\"params\":{},\"parentId\":0,\"component\":\"system/user/index\",\"createTime\":1521171180000,\"menuType\":\"C\"}','{\"msg\":\"æ“ä½œæˆåŠŸ\",\"code\":200}',0,NULL,'2020-04-05 13:34:44'),(25,'èœå•ç®¡ç†',2,'com.leleplus.project.system.controller.SysMenuController.edit()','PUT',1,'admin',NULL,'/system/menu','127.0.0.1','å†…ç½‘IP','{\"icon\":\"user\",\"orderNum\":\"9\",\"menuName\":\"ç”¨æˆ·ç®¡ç†\",\"path\":\"user\",\"children\":[],\"updateBy\":\"admin\",\"isFrame\":\"1\",\"menuId\":100,\"perms\":\"system:user:list\",\"visible\":\"0\",\"params\":{},\"parentId\":1,\"component\":\"system/user/index\",\"createTime\":1521171180000,\"menuType\":\"C\"}','{\"msg\":\"æ“ä½œæˆåŠŸ\",\"code\":200}',0,NULL,'2020-04-05 13:35:41'),(26,'èœå•ç®¡ç†',2,'com.leleplus.project.system.controller.SysMenuController.edit()','PUT',1,'admin',NULL,'/system/menu','127.0.0.1','å†…ç½‘IP','{\"icon\":\"peoples\",\"orderNum\":\"1\",\"menuName\":\"è§’è‰²ç®¡ç†\",\"path\":\"role\",\"children\":[],\"updateBy\":\"admin\",\"isFrame\":\"1\",\"menuId\":101,\"perms\":\"system:role:list\",\"visible\":\"0\",\"params\":{},\"parentId\":0,\"component\":\"system/role/index\",\"createTime\":1521171180000,\"menuType\":\"C\"}','{\"msg\":\"æ“ä½œæˆåŠŸ\",\"code\":200}',0,NULL,'2020-04-05 13:36:54'),(27,'èœå•ç®¡ç†',2,'com.leleplus.project.system.controller.SysMenuController.edit()','PUT',1,'admin',NULL,'/system/menu','127.0.0.1','å†…ç½‘IP','{\"icon\":\"peoples\",\"orderNum\":\"1\",\"menuName\":\"è§’è‰²ç®¡ç†\",\"path\":\"role\",\"children\":[],\"updateBy\":\"admin\",\"isFrame\":\"1\",\"menuId\":101,\"perms\":\"system:role:list\",\"visible\":\"0\",\"params\":{},\"parentId\":0,\"component\":\"system/role/index\",\"createTime\":1521171180000,\"menuType\":\"M\"}','{\"msg\":\"æ“ä½œæˆåŠŸ\",\"code\":200}',0,NULL,'2020-04-05 13:37:19'),(28,'èœå•ç®¡ç†',2,'com.leleplus.project.system.controller.SysMenuController.edit()','PUT',1,'admin',NULL,'/system/menu','127.0.0.1','å†…ç½‘IP','{\"icon\":\"peoples\",\"orderNum\":\"1\",\"menuName\":\"è§’è‰²ç®¡ç†\",\"path\":\"role\",\"children\":[],\"updateBy\":\"admin\",\"isFrame\":\"1\",\"menuId\":101,\"perms\":\"system:role:list\",\"visible\":\"0\",\"params\":{},\"parentId\":1,\"component\":\"system/role/index\",\"createTime\":1521171180000,\"menuType\":\"M\"}','{\"msg\":\"æ“ä½œæˆåŠŸ\",\"code\":200}',0,NULL,'2020-04-05 13:38:04'),(29,'èœå•ç®¡ç†',2,'com.leleplus.project.system.controller.SysMenuController.edit()','PUT',1,'admin',NULL,'/system/menu','127.0.0.1','å†…ç½‘IP','{\"icon\":\"tree\",\"orderNum\":\"1\",\"menuName\":\"è§’è‰²ç®¡ç†1\",\"path\":\"system\",\"children\":[],\"updateBy\":\"admin\",\"isFrame\":\"1\",\"menuId\":1,\"perms\":\"\",\"visible\":\"0\",\"params\":{},\"parentId\":0,\"createTime\":1521171180000,\"menuType\":\"M\"}','{\"msg\":\"æ“ä½œæˆåŠŸ\",\"code\":200}',0,NULL,'2020-04-05 13:39:53'),(40,'é€šçŸ¥å…¬å‘Š',3,'com.leleplus.project.system.controller.SysNoticeController.remove()','DELETE',1,'admin',NULL,'/system/notice/1','127.0.0.1','å†…ç½‘IP','{noticeIds=1}','{\"msg\":\"æ“ä½œæˆåŠŸ\",\"code\":200}',0,NULL,'2020-04-20 20:35:47'),(41,'èœå•ç®¡ç†',2,'com.leleplus.project.system.controller.SysMenuController.edit()','PUT',1,'admin',NULL,'/system/menu','127.0.0.1','å†…ç½‘IP','{\"icon\":\"clipboard\",\"orderNum\":\"3\",\"menuName\":\"RFIDç®¡ç†\",\"path\":\"rfid\",\"children\":[],\"updateBy\":\"admin\",\"isFrame\":\"1\",\"menuId\":2002,\"perms\":\"\",\"visible\":\"0\",\"params\":{},\"parentId\":1,\"createTime\":1587385598000,\"menuType\":\"M\"}','{\"msg\":\"æ“ä½œæˆåŠŸ\",\"code\":200}',0,NULL,'2020-04-20 20:41:17'),(42,'èœå•ç®¡ç†',2,'com.leleplus.project.system.controller.SysMenuController.edit()','PUT',1,'admin',NULL,'/system/menu','127.0.0.1','å†…ç½‘IP','{\"icon\":\"clipboard\",\"orderNum\":\"3\",\"menuName\":\"RFIDç®¡ç†\",\"path\":\"rfidMenu\",\"children\":[],\"updateBy\":\"admin\",\"isFrame\":\"1\",\"menuId\":2002,\"perms\":\"\",\"visible\":\"0\",\"params\":{},\"parentId\":1,\"createTime\":1587385598000,\"menuType\":\"M\"}','{\"msg\":\"æ“ä½œæˆåŠŸ\",\"code\":200}',0,NULL,'2020-04-20 20:45:18'),(43,'èœå•ç®¡ç†',3,'com.leleplus.project.system.controller.SysMenuController.remove()','DELETE',1,'admin',NULL,'/system/menu/4','127.0.0.1','å†…ç½‘IP','{menuId=4}','{\"msg\":\"èœå•å·²åˆ†é…,ä¸å…è®¸åˆ é™¤\",\"code\":500}',0,NULL,'2020-04-25 00:32:34'),(44,'èœå•ç®¡ç†',2,'com.leleplus.project.system.controller.SysMenuController.edit()','PUT',1,'admin',NULL,'/system/menu','127.0.0.1','å†…ç½‘IP','{\"icon\":\"clipboard\",\"orderNum\":\"3\",\"menuName\":\"RFIDç®¡ç†\",\"path\":\"rfidMenu\",\"children\":[],\"updateBy\":\"admin\",\"isFrame\":\"1\",\"menuId\":2002,\"perms\":\"\",\"visible\":\"0\",\"params\":{},\"parentId\":0,\"createTime\":1587385598000,\"menuType\":\"M\"}','{\"msg\":\"æ“ä½œæˆåŠŸ\",\"code\":200}',0,NULL,'2020-04-25 00:34:54'),(45,'èœå•ç®¡ç†',2,'com.leleplus.project.system.controller.SysMenuController.edit()','PUT',1,'admin',NULL,'/system/menu','127.0.0.1','å†…ç½‘IP','{\"icon\":\"log\",\"orderNum\":\"9\",\"menuName\":\"æ—¥å¿—ç®¡ç†\",\"path\":\"log\",\"children\":[],\"updateBy\":\"admin\",\"isFrame\":\"1\",\"menuId\":108,\"perms\":\"\",\"visible\":\"0\",\"params\":{},\"parentId\":0,\"component\":\"system/log/index\",\"createTime\":1521171180000,\"menuType\":\"M\"}','{\"msg\":\"æ“ä½œæˆåŠŸ\",\"code\":200}',0,NULL,'2020-04-25 00:36:09'),(46,'èœå•ç®¡ç†',2,'com.leleplus.project.system.controller.SysMenuController.edit()','PUT',1,'admin',NULL,'/system/menu','127.0.0.1','å†…ç½‘IP','{\"icon\":\"form\",\"orderNum\":\"1\",\"menuName\":\"æ“ä½œæ—¥å¿—\",\"path\":\"operlog\",\"children\":[],\"updateBy\":\"admin\",\"isFrame\":\"1\",\"menuId\":500,\"perms\":\"monitor:operlog:list\",\"visible\":\"0\",\"params\":{},\"parentId\":108,\"component\":\"monitor/operlog/index\",\"createTime\":1521171180000,\"menuType\":\"C\"}','{\"msg\":\"æ“ä½œæˆåŠŸ\",\"code\":200}',0,NULL,'2020-04-25 00:38:29'),(47,'èœå•ç®¡ç†',2,'com.leleplus.project.system.controller.SysMenuController.edit()','PUT',1,'admin',NULL,'/system/menu','127.0.0.1','å†…ç½‘IP','{\"icon\":\"user\",\"orderNum\":\"1\",\"menuName\":\"ç”¨æˆ·ç®¡ç†\",\"path\":\"user\",\"children\":[],\"updateBy\":\"admin\",\"isFrame\":\"1\",\"menuId\":100,\"perms\":\"system:user:list\",\"visible\":\"0\",\"params\":{},\"parentId\":0,\"component\":\"system/user/index\",\"createTime\":1521171180000,\"menuType\":\"C\"}','{\"msg\":\"æ“ä½œæˆåŠŸ\",\"code\":200}',0,NULL,'2020-04-25 00:39:27'),(48,'èœå•ç®¡ç†',2,'com.leleplus.project.system.controller.SysMenuController.edit()','PUT',1,'admin',NULL,'/system/menu','127.0.0.1','å†…ç½‘IP','{\"icon\":\"user\",\"orderNum\":\"1\",\"menuName\":\"ç”¨æˆ·ç®¡ç†\",\"path\":\"user\",\"children\":[],\"updateBy\":\"admin\",\"isFrame\":\"1\",\"menuId\":100,\"perms\":\"system:user:list\",\"visible\":\"0\",\"params\":{},\"parentId\":1,\"component\":\"system/user/index\",\"createTime\":1521171180000,\"menuType\":\"C\"}','{\"msg\":\"æ“ä½œæˆåŠŸ\",\"code\":200}',0,NULL,'2020-04-25 00:40:38'),(49,'èœå•ç®¡ç†',1,'com.leleplus.project.system.controller.SysMenuController.add()','POST',1,'admin',NULL,'/system/menu','127.0.0.1','å†…ç½‘IP','{\"icon\":\"clipboard\",\"orderNum\":\"2\",\"menuName\":\"åˆ·å¡ç®¡ç†\",\"path\":\"SwipeRFIDRecord\",\"children\":[],\"isFrame\":\"1\",\"visible\":\"0\",\"params\":{},\"parentId\":2002,\"component\":\"RFID/swipe/index\",\"createBy\":\"admin\",\"menuType\":\"C\"}','{\"msg\":\"æ“ä½œæˆåŠŸ\",\"code\":200}',0,NULL,'2020-04-25 01:06:16'),(50,'é€šçŸ¥å…¬å‘Š',1,'com.leleplus.project.system.controller.SysNoticeController.add()','POST',1,'admin',NULL,'/system/notice','118.181.103.78','ç”˜è‚ƒ åº†é˜³','{\"noticeType\":\"1\",\"params\":{},\"noticeTitle\":\"11111\",\"createBy\":\"admin\",\"status\":\"0\"}','{\"msg\":\"æ“ä½œæˆåŠŸ\",\"code\":200}',0,NULL,'2020-05-03 20:24:34'),(51,'é€šçŸ¥å…¬å‘Š',3,'com.leleplus.project.system.controller.SysNoticeController.remove()','DELETE',1,'admin',NULL,'/system/notice/1','118.181.103.78','Unknown IP','{noticeIds=1}','{\"msg\":\"æ“ä½œæˆåŠŸ\",\"code\":200}',0,NULL,'2020-05-03 20:24:45'),(52,'é€šçŸ¥å…¬å‘Š',1,'com.leleplus.project.system.controller.SysNoticeController.add()','POST',1,'admin',NULL,'/system/notice','118.181.103.78','ç”˜è‚ƒ åº†é˜³','{\"noticeType\":\"2\",\"params\":{},\"noticeTitle\":\"XXXXXX\",\"noticeContent\":\"<p><strong>ccccccc</strong></p>\",\"createBy\":\"admin\",\"status\":\"0\"}','{\"msg\":\"æ“ä½œæˆåŠŸ\",\"code\":200}',0,NULL,'2020-05-03 20:26:44');
/*!40000 ALTER TABLE `sys_oper_log` ENABLE KEYS */;
UNLOCK TABLES;

--
-- Table structure for table `sys_post`
--

DROP TABLE IF EXISTS `sys_post`;
/*!40101 SET @saved_cs_client     = @@character_set_client */;
/*!40101 SET character_set_client = utf8 */;
CREATE TABLE `sys_post` (
  `post_id` bigint(20) NOT NULL AUTO_INCREMENT COMMENT 'å²—ä½ID',
  `post_code` varchar(64) NOT NULL COMMENT 'å²—ä½ç¼–ç ',
  `post_name` varchar(50) NOT NULL COMMENT 'å²—ä½åç§°',
  `post_sort` int(4) NOT NULL COMMENT 'æ˜¾ç¤ºé¡ºåº',
  `status` char(1) NOT NULL COMMENT 'çŠ¶æ€ï¼ˆ0æ­£å¸¸ 1åœç”¨ï¼‰',
  `create_by` varchar(64) DEFAULT '' COMMENT 'åˆ›å»ºè€…',
  `create_time` datetime DEFAULT NULL COMMENT 'åˆ›å»ºæ—¶é—´',
  `update_by` varchar(64) DEFAULT '' COMMENT 'æ›´æ–°è€…',
  `update_time` datetime DEFAULT NULL COMMENT 'æ›´æ–°æ—¶é—´',
  `remark` varchar(500) DEFAULT NULL COMMENT 'å¤‡æ³¨',
  PRIMARY KEY (`post_id`)
) ENGINE=InnoDB AUTO_INCREMENT=5 DEFAULT CHARSET=utf8 COMMENT='å²—ä½ä¿¡æ¯è¡¨';
/*!40101 SET character_set_client = @saved_cs_client */;

--
-- Dumping data for table `sys_post`
--

LOCK TABLES `sys_post` WRITE;
/*!40000 ALTER TABLE `sys_post` DISABLE KEYS */;
INSERT INTO `sys_post` VALUES (1,'ceo','è‘£äº‹é•¿',1,'0','admin','2018-03-16 11:33:00','ry','2018-03-16 11:33:00',''),(2,'se','é¡¹ç›®ç»ç†',2,'0','admin','2018-03-16 11:33:00','ry','2018-03-16 11:33:00',''),(3,'hr','äººåŠ›èµ„æº',3,'0','admin','2018-03-16 11:33:00','ry','2018-03-16 11:33:00',''),(4,'user','æ™®é€šå‘˜å·¥',4,'0','admin','2018-03-16 11:33:00','ry','2018-03-16 11:33:00','');
/*!40000 ALTER TABLE `sys_post` ENABLE KEYS */;
UNLOCK TABLES;

--
-- Table structure for table `sys_role`
--

DROP TABLE IF EXISTS `sys_role`;
/*!40101 SET @saved_cs_client     = @@character_set_client */;
/*!40101 SET character_set_client = utf8 */;
CREATE TABLE `sys_role` (
  `role_id` bigint(20) NOT NULL AUTO_INCREMENT COMMENT 'è§’è‰²ID',
  `role_name` varchar(30) NOT NULL COMMENT 'è§’è‰²åç§°',
  `role_key` varchar(100) NOT NULL COMMENT 'è§’è‰²æƒé™å­—ç¬¦ä¸²',
  `role_sort` int(4) NOT NULL COMMENT 'æ˜¾ç¤ºé¡ºåº',
  `data_scope` char(1) DEFAULT '1' COMMENT 'æ•°æ®èŒƒå›´ï¼ˆ1ï¼šå…¨éƒ¨æ•°æ®æƒé™ 2ï¼šè‡ªå®šæ•°æ®æƒé™ 3ï¼šæœ¬éƒ¨é—¨æ•°æ®æƒé™ 4ï¼šæœ¬éƒ¨é—¨åŠä»¥ä¸‹æ•°æ®æƒé™ï¼‰',
  `status` char(1) NOT NULL COMMENT 'è§’è‰²çŠ¶æ€ï¼ˆ0æ­£å¸¸ 1åœç”¨ï¼‰',
  `del_flag` char(1) DEFAULT '0' COMMENT 'åˆ é™¤æ ‡å¿—ï¼ˆ0ä»£è¡¨å­˜åœ¨ 2ä»£è¡¨åˆ é™¤ï¼‰',
  `create_by` varchar(64) DEFAULT '' COMMENT 'åˆ›å»ºè€…',
  `create_time` datetime DEFAULT NULL COMMENT 'åˆ›å»ºæ—¶é—´',
  `update_by` varchar(64) DEFAULT '' COMMENT 'æ›´æ–°è€…',
  `update_time` datetime DEFAULT NULL COMMENT 'æ›´æ–°æ—¶é—´',
  `remark` varchar(500) DEFAULT NULL COMMENT 'å¤‡æ³¨',
  PRIMARY KEY (`role_id`)
) ENGINE=InnoDB AUTO_INCREMENT=4 DEFAULT CHARSET=utf8 COMMENT='è§’è‰²ä¿¡æ¯è¡¨';
/*!40101 SET character_set_client = @saved_cs_client */;

--
-- Dumping data for table `sys_role`
--

LOCK TABLES `sys_role` WRITE;
/*!40000 ALTER TABLE `sys_role` DISABLE KEYS */;
INSERT INTO `sys_role` VALUES (1,'ç®¡ç†å‘˜','ADMIN',1,'1','0','0','witt','2020-04-02 22:00:48','witt','2020-04-02 22:00:48','ç®¡ç†å‘˜'),(2,'æ•™ç»ƒ','COACH',2,'2','0','0','witt','2020-04-02 22:00:48','witt','2020-04-02 22:00:48','æ•™ç»ƒ'),(3,'å­¦å‘˜','STUDENT',3,'3','0','0','witt','2020-04-02 22:00:48','witt','2020-04-02 22:00:48','å­¦å‘˜');
/*!40000 ALTER TABLE `sys_role` ENABLE KEYS */;
UNLOCK TABLES;

--
-- Table structure for table `sys_role_dept`
--

DROP TABLE IF EXISTS `sys_role_dept`;
/*!40101 SET @saved_cs_client     = @@character_set_client */;
/*!40101 SET character_set_client = utf8 */;
CREATE TABLE `sys_role_dept` (
  `role_id` bigint(20) NOT NULL COMMENT 'è§’è‰²ID',
  `dept_id` bigint(20) NOT NULL COMMENT 'éƒ¨é—¨ID',
  PRIMARY KEY (`role_id`,`dept_id`)
) ENGINE=InnoDB DEFAULT CHARSET=utf8 COMMENT='è§’è‰²å’Œéƒ¨é—¨å…³è”è¡¨';
/*!40101 SET character_set_client = @saved_cs_client */;

--
-- Dumping data for table `sys_role_dept`
--

LOCK TABLES `sys_role_dept` WRITE;
/*!40000 ALTER TABLE `sys_role_dept` DISABLE KEYS */;
INSERT INTO `sys_role_dept` VALUES (2,100),(2,101),(2,105);
/*!40000 ALTER TABLE `sys_role_dept` ENABLE KEYS */;
UNLOCK TABLES;

--
-- Table structure for table `sys_role_menu`
--

DROP TABLE IF EXISTS `sys_role_menu`;
/*!40101 SET @saved_cs_client     = @@character_set_client */;
/*!40101 SET character_set_client = utf8 */;
CREATE TABLE `sys_role_menu` (
  `role_id` bigint(20) NOT NULL COMMENT 'è§’è‰²ID',
  `menu_id` bigint(20) NOT NULL COMMENT 'èœå•ID',
  PRIMARY KEY (`role_id`,`menu_id`),
  KEY `sys_role_menu_fk_1` (`menu_id`),
  CONSTRAINT `sys_role_menu_fk` FOREIGN KEY (`role_id`) REFERENCES `sys_role` (`role_id`)
) ENGINE=InnoDB DEFAULT CHARSET=utf8 COMMENT='è§’è‰²å’Œèœå•å…³è”è¡¨';
/*!40101 SET character_set_client = @saved_cs_client */;

--
-- Dumping data for table `sys_role_menu`
--

LOCK TABLES `sys_role_menu` WRITE;
/*!40000 ALTER TABLE `sys_role_menu` DISABLE KEYS */;
INSERT INTO `sys_role_menu` VALUES (2,1),(2,2),(2,3),(2,100),(2,101),(2,102),(2,103),(2,104),(2,105),(2,106),(2,107),(2,108),(2,109),(2,110),(2,111),(2,112),(2,113),(2,114),(2,115),(2,500),(2,501),(2,1001),(2,1002),(2,1003),(2,1004),(2,1005),(2,1006),(2,1007),(2,1008),(2,1009),(2,1010),(2,1011),(2,1012),(2,1013),(2,1014),(2,1015),(2,1016),(2,1017),(2,1018),(2,1019),(2,1020),(2,1021),(2,1022),(2,1023),(2,1024),(2,1025),(2,1026),(2,1027),(2,1028),(2,1029),(2,1030),(2,1031),(2,1032),(2,1033),(2,1034),(2,1035),(2,1036),(2,1037),(2,1038),(2,1039),(2,1040),(2,1041),(2,1042),(2,1043),(2,1044),(2,1045),(2,1046),(2,1047),(2,1048),(2,1049),(2,1050),(2,1051),(2,1052),(2,1053),(2,1054),(2,1055),(2,1056),(2,1057),(2,1058),(2,1059),(2,1060);
/*!40000 ALTER TABLE `sys_role_menu` ENABLE KEYS */;
UNLOCK TABLES;

--
-- Table structure for table `sys_user`
--

DROP TABLE IF EXISTS `sys_user`;
/*!40101 SET @saved_cs_client     = @@character_set_client */;
/*!40101 SET character_set_client = utf8 */;
CREATE TABLE `sys_user` (
  `id` bigint(255) NOT NULL AUTO_INCREMENT COMMENT 'ç”¨æˆ·ID',
  `username` varchar(30) NOT NULL COMMENT 'ç”¨æˆ·è´¦å·',
  `nick_name` varchar(30) NOT NULL COMMENT 'ç”¨æˆ·æ˜µç§°',
  `user_type` varchar(2) DEFAULT '00' COMMENT 'ç”¨æˆ·ç±»å‹ï¼ˆ00ç³»ç»Ÿç”¨æˆ·ï¼‰',
  `email` varchar(50) DEFAULT '' COMMENT 'ç”¨æˆ·é‚®ç®±',
  `telphone` varchar(11) DEFAULT '' COMMENT 'æ‰‹æœºå·ç ',
  `sex` char(1) DEFAULT '0' COMMENT 'ç”¨æˆ·æ€§åˆ«ï¼ˆ0ç”· 1å¥³ 2æœªçŸ¥ï¼‰',
  `avatar` varchar(100) DEFAULT '' COMMENT 'å¤´åƒåœ°å€',
  `password` varchar(255) DEFAULT '' COMMENT 'å¯†ç ',
  `status` char(1) DEFAULT '0' COMMENT 'å¸å·çŠ¶æ€ï¼ˆ0æ­£å¸¸ 1åœç”¨ï¼‰',
  `del_flag` char(1) DEFAULT '0' COMMENT 'åˆ é™¤æ ‡å¿—ï¼ˆ0ä»£è¡¨å­˜åœ¨ 2ä»£è¡¨åˆ é™¤ï¼‰',
  `login_ip` varchar(50) DEFAULT '' COMMENT 'æœ€åç™»é™†IP',
  `login_date` datetime DEFAULT NULL COMMENT 'æœ€åç™»é™†æ—¶é—´',
  `create_by` varchar(64) DEFAULT '' COMMENT 'åˆ›å»ºè€…',
  `create_time` datetime DEFAULT NULL COMMENT 'åˆ›å»ºæ—¶é—´',
  `update_by` varchar(64) DEFAULT '' COMMENT 'æ›´æ–°è€…',
  `update_time` datetime DEFAULT NULL COMMENT 'æ›´æ–°æ—¶é—´',
  `remark` varchar(500) DEFAULT NULL COMMENT 'å¤‡æ³¨',
  `id_card` varchar(25) NOT NULL COMMENT 'èº«ä»½è¯å·',
  `user_info_id` bigint(255) DEFAULT NULL COMMENT 'ç”¨æˆ·ä¿¡æ¯è¡¨id',
  PRIMARY KEY (`id`),
  KEY `sys_user_fk` (`user_info_id`),
  CONSTRAINT `sys_user_fk` FOREIGN KEY (`user_info_id`) REFERENCES `sys_user_info` (`id`)
) ENGINE=InnoDB AUTO_INCREMENT=4 DEFAULT CHARSET=utf8 COMMENT='ç”¨æˆ·è¡¨';
/*!40101 SET character_set_client = @saved_cs_client */;

--
-- Dumping data for table `sys_user`
--

LOCK TABLES `sys_user` WRITE;
/*!40000 ALTER TABLE `sys_user` DISABLE KEYS */;
INSERT INTO `sys_user` VALUES (1,'admin','ç®¡ç†å‘˜','00','ry@163.com','15888888888','1','','$2a$10$MGQjAKwVbcN89bAnoIvWTeLxTZhfKsWgXHmRlwQp82zY9mRzk2ETG','0','0','127.0.0.1','2018-03-16 11:33:00','admin','2018-03-16 11:33:00','ry','2018-03-16 11:33:00','ç®¡ç†å‘˜','',1),(2,'ry','è‹¥ä¾','00','ry@qq.com','15666666666','1','','$2a$10$S6OsyYPnvRNGk/oOwoDwLOZstexr.yWfQFMM2OKRwK7fKTCEdQs1O','0','0','127.0.0.1','2018-03-16 11:33:00','admin','2018-03-16 11:33:00','ry','2018-03-16 11:33:00','æµ‹è¯•å‘˜','',NULL),(3,'lele','ä¹ä¹','00','1989161762@qq.com','13629365547','1','','$2a$10$S6OsyYPnvRNGk/oOwoDwLOZstexr.yWfQFMM2OKRwK7fKTCEdQs1O','0','0','',NULL,'',NULL,'',NULL,'ç®¡ç†å‘˜','622223199709082335',NULL);
/*!40000 ALTER TABLE `sys_user` ENABLE KEYS */;
UNLOCK TABLES;

--
-- Table structure for table `sys_user_info`
--

DROP TABLE IF EXISTS `sys_user_info`;
/*!40101 SET @saved_cs_client     = @@character_set_client */;
/*!40101 SET character_set_client = utf8 */;
CREATE TABLE `sys_user_info` (
  `id` bigint(255) NOT NULL AUTO_INCREMENT COMMENT 'ä¸»é”®id',
  `real_name` varchar(50) DEFAULT NULL COMMENT 'çœŸå®å§“å',
  `birthday` datetime DEFAULT NULL COMMENT 'å‡ºç”Ÿæ—¥æœŸ',
  `age` int(3) DEFAULT NULL COMMENT 'å¹´é¾„',
  `gender` varchar(20) DEFAULT NULL COMMENT 'æ€§åˆ«',
  `id_photo` varchar(255) DEFAULT NULL COMMENT 'è¯ä»¶ç…§',
  `national` varchar(255) DEFAULT NULL COMMENT 'æ°‘æ—',
  `address` varchar(255) DEFAULT NULL COMMENT 'ä½å€',
  `paper_file_number` varchar(200) DEFAULT NULL COMMENT 'çº¸è´¨æ¡£æ¡ˆç¼–å·',
  `driver_type` bigint(255) DEFAULT NULL COMMENT 'æŠ¥è€ƒé©¾ç…§ç±»å‹',
  `medical_time` datetime DEFAULT NULL COMMENT 'ä½“æ£€æ—¶é—´',
  `agent` varchar(200) DEFAULT NULL COMMENT 'ç»åŠäºº',
  `sign_date` datetime DEFAULT NULL COMMENT 'æŠ¥åæ—¥æœŸ',
  `expiration_time` datetime DEFAULT NULL COMMENT 'è¿‡æœŸæ—¶é—´',
  `create_time` datetime DEFAULT NULL COMMENT 'åˆ›å»ºæ—¶é—´',
  `deleted` tinyint(1) DEFAULT NULL COMMENT 'æ˜¯å¦åˆ é™¤',
  `end_time` varchar(50) DEFAULT NULL COMMENT 'ç»“æŸæ—¶é—´',
  `begin_time` varchar(50) DEFAULT NULL COMMENT 'å¼€å§‹æ—¶é—´',
  `data_scope` varchar(100) DEFAULT NULL COMMENT 'æ•°æ®èŒƒå›´',
  `remark` varchar(100) DEFAULT NULL COMMENT 'å¤‡æ³¨',
  `update_time` datetime DEFAULT NULL COMMENT 'æ›´æ–°æ—¶é—´',
  `update_by` varchar(100) DEFAULT NULL COMMENT 'æ›´æ–°äºº',
  `search_value` varchar(100) DEFAULT NULL COMMENT 'æœç´¢å€¼',
  `create_by` varchar(100) DEFAULT NULL COMMENT 'åˆ›å»ºäºº',
  `dept_id` bigint(255) DEFAULT NULL COMMENT 'éƒ¨é—¨id',
  `wage` varchar(100) DEFAULT NULL COMMENT 'å·¥èµ„',
  PRIMARY KEY (`id`),
  KEY `sys_user_info_fk` (`driver_type`),
  CONSTRAINT `sys_user_info_fk` FOREIGN KEY (`driver_type`) REFERENCES `driver_license` (`id`)
) ENGINE=InnoDB AUTO_INCREMENT=4 DEFAULT CHARSET=utf8 COMMENT='ç”¨æˆ·ä¿¡æ¯è¡¨';
/*!40101 SET character_set_client = @saved_cs_client */;

--
-- Dumping data for table `sys_user_info`
--

LOCK TABLES `sys_user_info` WRITE;
/*!40000 ALTER TABLE `sys_user_info` DISABLE KEYS */;
INSERT INTO `sys_user_info` VALUES (1,'ç®¡ç†å‘˜',NULL,NULL,NULL,NULL,NULL,NULL,NULL,NULL,NULL,NULL,NULL,NULL,NULL,0,NULL,NULL,NULL,NULL,NULL,NULL,NULL,NULL,NULL,NULL),(3,'test',NULL,NULL,NULL,NULL,NULL,NULL,NULL,NULL,NULL,NULL,NULL,NULL,NULL,NULL,NULL,NULL,NULL,NULL,NULL,NULL,NULL,NULL,NULL,NULL);
/*!40000 ALTER TABLE `sys_user_info` ENABLE KEYS */;
UNLOCK TABLES;

--
-- Table structure for table `sys_user_post`
--

DROP TABLE IF EXISTS `sys_user_post`;
/*!40101 SET @saved_cs_client     = @@character_set_client */;
/*!40101 SET character_set_client = utf8 */;
CREATE TABLE `sys_user_post` (
  `user_id` bigint(20) NOT NULL COMMENT 'ç”¨æˆ·ID',
  `post_id` bigint(20) NOT NULL COMMENT 'å²—ä½ID',
  PRIMARY KEY (`user_id`,`post_id`)
) ENGINE=InnoDB DEFAULT CHARSET=utf8 COMMENT='ç”¨æˆ·ä¸å²—ä½å…³è”è¡¨';
/*!40101 SET character_set_client = @saved_cs_client */;

--
-- Dumping data for table `sys_user_post`
--

LOCK TABLES `sys_user_post` WRITE;
/*!40000 ALTER TABLE `sys_user_post` DISABLE KEYS */;
INSERT INTO `sys_user_post` VALUES (1,1),(2,2);
/*!40000 ALTER TABLE `sys_user_post` ENABLE KEYS */;
UNLOCK TABLES;

--
-- Table structure for table `sys_user_role`
--

DROP TABLE IF EXISTS `sys_user_role`;
/*!40101 SET @saved_cs_client     = @@character_set_client */;
/*!40101 SET character_set_client = utf8 */;
CREATE TABLE `sys_user_role` (
  `user_id` bigint(20) NOT NULL COMMENT 'ç”¨æˆ·ID',
  `role_id` bigint(20) NOT NULL COMMENT 'è§’è‰²ID',
  PRIMARY KEY (`user_id`,`role_id`),
  KEY `sys_user_role_fk_1` (`role_id`),
  CONSTRAINT `sys_user_role_fk` FOREIGN KEY (`user_id`) REFERENCES `sys_user` (`id`),
  CONSTRAINT `sys_user_role_fk_1` FOREIGN KEY (`role_id`) REFERENCES `sys_role` (`role_id`)
) ENGINE=InnoDB DEFAULT CHARSET=utf8 COMMENT='ç”¨æˆ·å’Œè§’è‰²å…³è”è¡¨';
/*!40101 SET character_set_client = @saved_cs_client */;

--
-- Dumping data for table `sys_user_role`
--

LOCK TABLES `sys_user_role` WRITE;
/*!40000 ALTER TABLE `sys_user_role` DISABLE KEYS */;
INSERT INTO `sys_user_role` VALUES (1,1),(3,1),(2,2),(3,2);
/*!40000 ALTER TABLE `sys_user_role` ENABLE KEYS */;
UNLOCK TABLES;

--
-- Table structure for table `user_rfid`
--

DROP TABLE IF EXISTS `user_rfid`;
/*!40101 SET @saved_cs_client     = @@character_set_client */;
/*!40101 SET character_set_client = utf8 */;
CREATE TABLE `user_rfid` (
  `id` bigint(255) NOT NULL AUTO_INCREMENT COMMENT 'ä¸»é”®id',
  `user_info_id` bigint(255) NOT NULL COMMENT 'ç”¨æˆ·ä¿¡æ¯è¡¨id',
  `rfid_id` bigint(255) NOT NULL COMMENT 'rfidå¡id',
  `deleted` tinyint(2) DEFAULT NULL COMMENT 'æ˜¯å¦åˆ é™¤',
  `create_time` datetime DEFAULT NULL COMMENT 'åˆ›å»ºæ—¶é—´',
  `create_by` varchar(64) DEFAULT '' COMMENT 'åˆ›å»ºè€…',
  `update_by` varchar(64) DEFAULT '' COMMENT 'æ›´æ–°è€…',
  `update_time` datetime DEFAULT NULL COMMENT 'æ›´æ–°æ—¶é—´',
  `begin_time` datetime DEFAULT NULL COMMENT 'å¼€å§‹æ—¶é—´',
  `end_time` datetime DEFAULT NULL COMMENT 'ç»“æŸæ—¶é—´',
  `remark` varchar(500) DEFAULT NULL COMMENT 'å¤‡æ³¨',
  PRIMARY KEY (`id`),
  KEY `user_rfid_fk` (`user_info_id`),
  KEY `user_rfid_fk_1` (`rfid_id`),
  CONSTRAINT `user_rfid_fk` FOREIGN KEY (`user_info_id`) REFERENCES `sys_user_info` (`id`),
  CONSTRAINT `user_rfid_fk_1` FOREIGN KEY (`rfid_id`) REFERENCES `rfid_card` (`id`)
) ENGINE=InnoDB AUTO_INCREMENT=2 DEFAULT CHARSET=utf8 COMMENT='ç”¨æˆ·RFIDå…³è”è¡¨';
/*!40101 SET character_set_client = @saved_cs_client */;

--
-- Dumping data for table `user_rfid`
--

LOCK TABLES `user_rfid` WRITE;
/*!40000 ALTER TABLE `user_rfid` DISABLE KEYS */;
INSERT INTO `user_rfid` VALUES (1,3,1,0,NULL,'','',NULL,NULL,NULL,'æµ‹è¯•æ•°æ®');
/*!40000 ALTER TABLE `user_rfid` ENABLE KEYS */;
UNLOCK TABLES;

--
-- Dumping events for database 'facts_driver_prd'
--

--
-- Dumping routines for database 'facts_driver_prd'
--
/*!40103 SET TIME_ZONE=@OLD_TIME_ZONE */;

/*!40101 SET SQL_MODE=@OLD_SQL_MODE */;
/*!40014 SET FOREIGN_KEY_CHECKS=@OLD_FOREIGN_KEY_CHECKS */;
/*!40014 SET UNIQUE_CHECKS=@OLD_UNIQUE_CHECKS */;
/*!40101 SET CHARACTER_SET_CLIENT=@OLD_CHARACTER_SET_CLIENT */;
/*!40101 SET CHARACTER_SET_RESULTS=@OLD_CHARACTER_SET_RESULTS */;
/*!40101 SET COLLATION_CONNECTION=@OLD_COLLATION_CONNECTION */;
/*!40111 SET SQL_NOTES=@OLD_SQL_NOTES */;

-- Dump completed on 2020-05-08 12:44:38
